"","Nest","maxclutch","year","site"
"1","ADS001",6,1994,"kig"
"2","ADS002",6,1994,"kig"
"3","ADS003",7,1994,"kig"
"4","ADS004",6,1994,"kig"
"5","ADS008",6,1994,"kig"
"6","ADS010",6,1994,"kig"
"7","ADS014",6,1994,"kig"
"8","ADS017",6,1994,"kig"
"9","ADS022",6,1994,"kig"
"10","ADS025",6,1994,"kig"
"11","ADS027",6,1994,"kig"
"12","ADS028",5,1994,"kig"
"13","ADS029",6,1994,"kig"
"14","ADS030",6,1994,"kig"
"15","ADS031",6,1994,"kig"
"16","ADS032",4,1994,"kig"
"17","ADS035",6,1994,"kig"
"18","ADS036",6,1994,"kig"
"19","ADS037",6,1994,"kig"
"20","ADS040",4,1994,"kig"
"21","ADS044",6,1994,"kig"
"22","ADS046",5,1994,"kig"
"23","KSB001",6,1994,"kig"
"24","KSB002",7,1994,"kig"
"25","KSB003",6,1994,"kig"
"26","KSB005",3,1994,"kig"
"27","KSB006",7,1994,"kig"
"28","KSB007",5,1994,"kig"
"29","KSB009",7,1994,"kig"
"30","KSB011",6,1994,"kig"
"31","KSB014",4,1994,"kig"
"32","KSB016",3,1994,"kig"
"33","KSB017",4,1994,"kig"
"34","TDB001",3,1994,"kig"
"35","TDB002",4,1994,"kig"
"36","TDB003",4,1994,"kig"
"37","TDB004",6,1994,"kig"
"38","TLM001",6,1994,"kig"
"39","TLM003",6,1994,"kig"
"40","TLM004",5,1994,"kig"
"41","TLM007",6,1994,"kig"
"42","TLM012",6,1994,"kig"
"43","TLM014",7,1994,"kig"
"44","TLM016",7,1994,"kig"
"45","TLM017",6,1994,"kig"
"46","TLM019",6,1994,"kig"
"47","TLM020",6,1994,"kig"
"48","TLM021",5,1994,"kig"
"49","TLM023",5,1994,"kig"
"50","TLM026",5,1994,"kig"
"51","TLM028",6,1994,"kig"
"52","TLM029",5,1994,"kig"
"53","TLM031",6,1994,"kig"
"54","TLM032",5,1994,"kig"
"55","TLM033",7,1994,"kig"
"56","TLM042",5,1994,"kig"
"57","TLM043",6,1994,"kig"
"58","TLM045",5,1994,"kig"
"59","TLM046",6,1994,"kig"
"60","TLM047",6,1994,"kig"
"61","TLM051",6,1994,"kig"
"62","TLM052",3,1994,"kig"
"63","TLM053",6,1994,"kig"
"64","TLM067",5,1994,"kig"
"65","TLM070",6,1994,"kig"
"66","TLM071",5,1994,"kig"
"67","TLM073",5,1994,"kig"
"68","TLM074",5,1994,"kig"
"69","TLM075",5,1994,"kig"
"70","TLM078",6,1994,"kig"
"71","TLM079",7,1994,"kig"
"72","TLM080",6,1994,"kig"
"73","TLM082",5,1994,"kig"
"74","TLM083",4,1994,"kig"
"75","TLM087",5,1994,"kig"
"76","TLM088",6,1994,"kig"
"77","TLM091",6,1994,"kig"
"78","TLM094",4,1994,"kig"
"79","TLM096",5,1994,"kig"
"80","TLM097",4,1994,"kig"
"81","TLM099",5,1994,"kig"
"82","MRB003",5,1995,"kig"
"83","MRB004",6,1995,"kig"
"84","MRB007",6,1995,"kig"
"85","MRB010",6,1995,"kig"
"86","MRB011",5,1995,"kig"
"87","MRB012",4,1995,"kig"
"88","MRB014",6,1995,"kig"
"89","MRB016",6,1995,"kig"
"90","MRB017",5,1995,"kig"
"91","MRB019",5,1995,"kig"
"92","MRB021",5,1995,"kig"
"93","MRB022",4,1995,"kig"
"94","MRB025",6,1995,"kig"
"95","MRB027",6,1995,"kig"
"96","MRB029",6,1995,"kig"
"97","MRB030",6,1995,"kig"
"98","MRB031",5,1995,"kig"
"99","MRB032",5,1995,"kig"
"100","MRB033",6,1995,"kig"
"101","MRB034",5,1995,"kig"
"102","MRB035",4,1995,"kig"
"103","MRB036",5,1995,"kig"
"104","MRB037",4,1995,"kig"
"105","MRB039",2,1995,"kig"
"106","MRB040",4,1995,"kig"
"107","MRB041",5,1995,"kig"
"108","MRB042",4,1995,"kig"
"109","MRB046",5,1995,"kig"
"110","MRB049",4,1995,"kig"
"111","MRB050",4,1995,"kig"
"112","MRB051",5,1995,"kig"
"113","MRB052",6,1995,"kig"
"114","MRB053",3,1995,"kig"
"115","MRB054",5,1995,"kig"
"116","MRB055",5,1995,"kig"
"117","MRB056",2,1995,"kig"
"118","MRB060",4,1995,"kig"
"119","MRB061",5,1995,"kig"
"120","MRB062",6,1995,"kig"
"121","MRB063",4,1995,"kig"
"122","MRB064",2,1995,"kig"
"123","MRB065",6,1995,"kig"
"124","MRB066",5,1995,"kig"
"125","MRB067",2,1995,"kig"
"126","MRB071",3,1995,"kig"
"127","TLM007",5,1995,"kig"
"128","TLM016",6,1995,"kig"
"129","TLM017",5,1995,"kig"
"130","TLM018",5,1995,"kig"
"131","TLM019",5,1995,"kig"
"132","TLM026",6,1995,"kig"
"133","TLM028",4,1995,"kig"
"134","TLM029",6,1995,"kig"
"135","TLM030",6,1995,"kig"
"136","TLM031",5,1995,"kig"
"137","TLM032",3,1995,"kig"
"138","TLM033",6,1995,"kig"
"139","TLM034",3,1995,"kig"
"140","TLM039",6,1995,"kig"
"141","TLM040",5,1995,"kig"
"142","TLM043",5,1995,"kig"
"143","TLM044",5,1995,"kig"
"144","TLM045",5,1995,"kig"
"145","TLM046",4,1995,"kig"
"146","TLM048",5,1995,"kig"
"147","TLM051",6,1995,"kig"
"148","TLM052",4,1995,"kig"
"149","TLM056",5,1995,"kig"
"150","TLM057",5,1995,"kig"
"151","TLM058",6,1995,"kig"
"152","TLM059",5,1995,"kig"
"153","TLM060",6,1995,"kig"
"154","TLM061",5,1995,"kig"
"155","TLM062",8,1995,"kig"
"156","TLM063",5,1995,"kig"
"157","TLM064",5,1995,"kig"
"158","TLM065",5,1995,"kig"
"159","TLM066",6,1995,"kig"
"160","TLM067",5,1995,"kig"
"161","TLM069",5,1995,"kig"
"162","TLM071",5,1995,"kig"
"163","TLM072",3,1995,"kig"
"164","TLM073",2,1995,"kig"
"165","TLM074",5,1995,"kig"
"166","TLM075",4,1995,"kig"
"167","TLM076",4,1995,"kig"
"168","TLM078",5,1995,"kig"
"169","TLM079",4,1995,"kig"
"170","TLM080",4,1995,"kig"
"171","TLM081",4,1995,"kig"
"172","TLM082",2,1995,"kig"
"173","TLM084",6,1995,"kig"
"174","TLM089",4,1995,"kig"
"175","TLM090",5,1995,"kig"
"176","TLM091",5,1995,"kig"
"177","TLM092",4,1995,"kig"
"178","TLM093",3,1995,"kig"
"179","TLM094",1,1995,"kig"
"180","TLM096",4,1995,"kig"
"181","TLM097",6,1995,"kig"
"182","TLM098",5,1995,"kig"
"183","TLM099",4,1995,"kig"
"184","EFS001",4,1996,"kig"
"185","EFS003",5,1996,"kig"
"186","EFS004",6,1996,"kig"
"187","EFS005",5,1996,"kig"
"188","EFS007",5,1996,"kig"
"189","EFS008",5,1996,"kig"
"190","EFS010",6,1996,"kig"
"191","EFS011",6,1996,"kig"
"192","EFS013",6,1996,"kig"
"193","EFS015",6,1996,"kig"
"194","EFS018",5,1996,"kig"
"195","EFS020",5,1996,"kig"
"196","EFS022",6,1996,"kig"
"197","EFS023",5,1996,"kig"
"198","EFS024",6,1996,"kig"
"199","EFS025",6,1996,"kig"
"200","EFS027",5,1996,"kig"
"201","EFS028",4,1996,"kig"
"202","EFS029",4,1996,"kig"
"203","EFS032",5,1996,"kig"
"204","EFS034",4,1996,"kig"
"205","EFS035",5,1996,"kig"
"206","EFS036",5,1996,"kig"
"207","EFS038",6,1996,"kig"
"208","EFS040",6,1996,"kig"
"209","EFS042",6,1996,"kig"
"210","EFS046",5,1996,"kig"
"211","EFS049",6,1996,"kig"
"212","EFS051",5,1996,"kig"
"213","EFS052",6,1996,"kig"
"214","EFS053",6,1996,"kig"
"215","EFS054",5,1996,"kig"
"216","EFS058",5,1996,"kig"
"217","EFS060",4,1996,"kig"
"218","EFS062",4,1996,"kig"
"219","EFS063",5,1996,"kig"
"220","EFS066",5,1996,"kig"
"221","EFS068",5,1996,"kig"
"222","EFS069",5,1996,"kig"
"223","EFS070",6,1996,"kig"
"224","EFS071",6,1996,"kig"
"225","EFS072",2,1996,"kig"
"226","EFS073",5,1996,"kig"
"227","EFS074",5,1996,"kig"
"228","JMP001",4,1996,"kig"
"229","TLM001",6,1996,"kig"
"230","TLM002",6,1996,"kig"
"231","TLM003",3,1996,"kig"
"232","TLM004",5,1996,"kig"
"233","TLM005",6,1996,"kig"
"234","TLM006",5,1996,"kig"
"235","TLM007",6,1996,"kig"
"236","TLM008",6,1996,"kig"
"237","TLM009",6,1996,"kig"
"238","TLM010",4,1996,"kig"
"239","TLM011",6,1996,"kig"
"240","TLM013",6,1996,"kig"
"241","TLM014",6,1996,"kig"
"242","TLM017",5,1996,"kig"
"243","TLM019",6,1996,"kig"
"244","TLM020",4,1996,"kig"
"245","TLM024",3,1996,"kig"
"246","TLM025",4,1996,"kig"
"247","TLM026",6,1996,"kig"
"248","TLM027",6,1996,"kig"
"249","TLM028",6,1996,"kig"
"250","TLM029",2,1996,"kig"
"251","TLM030",6,1996,"kig"
"252","TLM037",5,1996,"kig"
"253","TLM040",6,1996,"kig"
"254","TLM048",5,1996,"kig"
"255","TLM049",6,1996,"kig"
"256","TLM050",5,1996,"kig"
"257","TLM051",6,1996,"kig"
"258","TLM052",6,1996,"kig"
"259","TLM053",6,1996,"kig"
"260","TLM054",5,1996,"kig"
"261","TLM055",6,1996,"kig"
"262","TLM056",6,1996,"kig"
"263","TLM057",4,1996,"kig"
"264","TLM058",5,1996,"kig"
"265","TLM060",5,1996,"kig"
"266","TLM063",5,1996,"kig"
"267","TLM064",1,1996,"kig"
"268","TLM067",6,1996,"kig"
"269","TLM069",5,1996,"kig"
"270","TLM070",5,1996,"kig"
"271","TLM072",5,1996,"kig"
"272","TLM073",5,1996,"kig"
"273","TLM074",5,1996,"kig"
"274","TLM075",6,1996,"kig"
"275","TLM080",5,1996,"kig"
"276","TLM082",5,1996,"kig"
"277","TLM083",4,1996,"kig"
"278","TLM084",6,1996,"kig"
"279","TLM085",4,1996,"kig"
"280","TLM086",5,1996,"kig"
"281","TLM087",4,1996,"kig"
"282","TLM088",4,1996,"kig"
"283","TLM089",6,1996,"kig"
"284","TLM094",6,1996,"kig"
"285","TLM095",5,1996,"kig"
"286","TLM096",3,1996,"kig"
"287","TLM097",5,1996,"kig"
"288","TLM098",5,1996,"kig"
"289","TLM099",4,1996,"kig"
"290","TLM100",5,1996,"kig"
"291","TLM102",4,1996,"kig"
"292","TLM103",5,1996,"kig"
"293","TLM104",4,1996,"kig"
"294","TLM105",4,1996,"kig"
"295","TLM107",5,1996,"kig"
"296","TLM108",6,1996,"kig"
"297","TLM109",2,1996,"kig"
"298","TLM110",5,1996,"kig"
"299","TLM114",5,1996,"kig"
"300","TLM115",2,1996,"kig"
"301","EFS001",5,1997,"kig"
"302","EFS004",6,1997,"kig"
"303","EFS011",5,1997,"kig"
"304","EFS013",5,1997,"kig"
"305","EFS018",6,1997,"kig"
"306","EFS020",4,1997,"kig"
"307","EFS022",6,1997,"kig"
"308","EFS023",4,1997,"kig"
"309","EFS025",4,1997,"kig"
"310","EFS026",5,1997,"kig"
"311","EFS028",6,1997,"kig"
"312","EFS029",6,1997,"kig"
"313","EFS030",4,1997,"kig"
"314","EFS032",4,1997,"kig"
"315","EFS033",4,1997,"kig"
"316","EFS034",5,1997,"kig"
"317","EFS035",5,1997,"kig"
"318","EFS037",6,1997,"kig"
"319","EFS038",4,1997,"kig"
"320","EFS042",6,1997,"kig"
"321","EFS044",5,1997,"kig"
"322","EFS045",5,1997,"kig"
"323","EFS048",5,1997,"kig"
"324","EFS049",4,1997,"kig"
"325","EFS050",4,1997,"kig"
"326","EFS052",6,1997,"kig"
"327","EFS056",5,1997,"kig"
"328","EFS057",2,1997,"kig"
"329","EFS058",1,1997,"kig"
"330","EFS061",5,1997,"kig"
"331","GJH004",5,1997,"kig"
"332","GJH015",5,1997,"kig"
"333","GJH016",5,1997,"kig"
"334","GJH022",7,1997,"kig"
"335","GJH025",4,1997,"kig"
"336","GJH026",6,1997,"kig"
"337","GJH027",5,1997,"kig"
"338","GJH028",5,1997,"kig"
"339","GJH029",4,1997,"kig"
"340","GJH030",6,1997,"kig"
"341","GJH031",6,1997,"kig"
"342","GJH034",5,1997,"kig"
"343","GJH035",5,1997,"kig"
"344","GJH037",5,1997,"kig"
"345","GJH040",5,1997,"kig"
"346","GJH042",5,1997,"kig"
"347","GJH043",5,1997,"kig"
"348","GJH047",6,1997,"kig"
"349","GJH048",5,1997,"kig"
"350","GJH049",4,1997,"kig"
"351","GJH050",4,1997,"kig"
"352","GJH051",4,1997,"kig"
"353","GJH052",5,1997,"kig"
"354","GJH053",5,1997,"kig"
"355","GJH054",6,1997,"kig"
"356","GJH057",4,1997,"kig"
"357","GJH058",4,1997,"kig"
"358","GJH062",3,1997,"kig"
"359","GJH064",4,1997,"kig"
"360","MMB003",5,1997,"kig"
"361","MMB011",5,1997,"kig"
"362","MMB013",4,1997,"kig"
"363","MMB015",4,1997,"kig"
"364","MMB016",6,1997,"kig"
"365","MMB018",5,1997,"kig"
"366","MMB019",4,1997,"kig"
"367","MMB020",5,1997,"kig"
"368","MMB021",5,1997,"kig"
"369","MMB023",5,1997,"kig"
"370","MMB024",5,1997,"kig"
"371","MMB027",5,1997,"kig"
"372","MMB029",3,1997,"kig"
"373","MMB030",6,1997,"kig"
"374","MMB031",5,1997,"kig"
"375","MMB032",4,1997,"kig"
"376","MMB039",4,1997,"kig"
"377","MMB040",5,1997,"kig"
"378","MMB041",5,1997,"kig"
"379","MMB042",4,1997,"kig"
"380","TLM002",5,1997,"kig"
"381","TLM003",4,1997,"kig"
"382","TLM009",4,1997,"kig"
"383","TLM016",4,1997,"kig"
"384","TLM017",5,1997,"kig"
"385","TLM018",5,1997,"kig"
"386","TLM020",5,1997,"kig"
"387","TLM021",5,1997,"kig"
"388","TLM022",3,1997,"kig"
"389","TLM023",5,1997,"kig"
"390","TLM029",5,1997,"kig"
"391","TLM030",5,1997,"kig"
"392","TLM032",5,1997,"kig"
"393","TLM035",6,1997,"kig"
"394","TLM037",3,1997,"kig"
"395","TLM038",5,1997,"kig"
"396","TLM039",5,1997,"kig"
"397","TLM040",5,1997,"kig"
"398","TLM048",5,1997,"kig"
"399","TLM049",5,1997,"kig"
"400","TLM050",6,1997,"kig"
"401","TLM054",5,1997,"kig"
"402","TLM055",5,1997,"kig"
"403","TLM056",4,1997,"kig"
"404","TLM057",5,1997,"kig"
"405","TLM058",4,1997,"kig"
"406","TLM059",5,1997,"kig"
"407","TLM060",6,1997,"kig"
"408","TLM062",5,1997,"kig"
"409","TLM063",6,1997,"kig"
"410","TLM064",4,1997,"kig"
"411","TLM065",5,1997,"kig"
"412","TLM066",6,1997,"kig"
"413","TLM067",5,1997,"kig"
"414","TLM068",5,1997,"kig"
"415","TLM069",5,1997,"kig"
"416","TLM070",6,1997,"kig"
"417","TLM073",6,1997,"kig"
"418","TLM074",6,1997,"kig"
"419","TLM076",5,1997,"kig"
"420","TLM078",5,1997,"kig"
"421","TLM079",5,1997,"kig"
"422","TLM080",5,1997,"kig"
"423","TLM082",6,1997,"kig"
"424","TLM083",4,1997,"kig"
"425","TLM084",5,1997,"kig"
"426","TLM085",5,1997,"kig"
"427","TLM086",5,1997,"kig"
"428","TLM088",5,1997,"kig"
"429","TLM089",6,1997,"kig"
"430","TLM090",4,1997,"kig"
"431","TLM091",5,1997,"kig"
"432","TLM093",6,1997,"kig"
"433","TLM094",6,1997,"kig"
"434","TLM095",3,1997,"kig"
"435","TLM100",5,1997,"kig"
"436","TLM101",4,1997,"kig"
"437","TLM103",4,1997,"kig"
"438","TLM104",5,1997,"kig"
"439","WSK001",4,1997,"kig"
"440","DAM001",4,1998,"kig"
"441","DAM002",5,1998,"kig"
"442","ECH001",4,1998,"kig"
"443","GJH001",4,1998,"kig"
"444","GJH002",4,1998,"kig"
"445","GJH003",4,1998,"kig"
"446","GJH007",6,1998,"kig"
"447","KLW002",6,1998,"kig"
"448","KLW007",6,1998,"kig"
"449","KLW012",3,1998,"kig"
"450","KLW013",5,1998,"kig"
"451","KLW014",5,1998,"kig"
"452","KLW017",4,1998,"kig"
"453","KLW018",4,1998,"kig"
"454","KLW026",5,1998,"kig"
"455","KLW028",5,1998,"kig"
"456","KLW030",6,1998,"kig"
"457","KLW031",4,1998,"kig"
"458","KLW032",5,1998,"kig"
"459","KLW033",4,1998,"kig"
"460","KLW034",5,1998,"kig"
"461","KLW035",6,1998,"kig"
"462","KLW037",4,1998,"kig"
"463","KLW039",5,1998,"kig"
"464","KLW041",2,1998,"kig"
"465","KLW042",5,1998,"kig"
"466","KLW043",5,1998,"kig"
"467","KLW044",2,1998,"kig"
"468","KLW045",5,1998,"kig"
"469","KLW052",6,1998,"kig"
"470","RMA001",5,1998,"kig"
"471","TLM015",5,1998,"kig"
"472","TLM020",5,1998,"kig"
"473","TLM021",5,1998,"kig"
"474","TLM026",6,1998,"kig"
"475","TLM027",5,1998,"kig"
"476","TLM029",4,1998,"kig"
"477","TLM030",4,1998,"kig"
"478","TLM033",4,1998,"kig"
"479","TLM034",5,1998,"kig"
"480","TLM040",5,1998,"kig"
"481","TLM042",5,1998,"kig"
"482","TLM043",3,1998,"kig"
"483","TLM045",3,1998,"kig"
"484","TLM046",4,1998,"kig"
"485","TLM056",5,1998,"kig"
"486","TLM059",6,1998,"kig"
"487","TLM060",5,1998,"kig"
"488","TLM061",5,1998,"kig"
"489","TLM062",5,1998,"kig"
"490","TLM067",4,1998,"kig"
"491","TLM068",3,1998,"kig"
"492","TLM070",4,1998,"kig"
"493","TLM073",5,1998,"kig"
"494","TLM074",4,1998,"kig"
"495","TLM077",4,1998,"kig"
"496","TLM078",3,1998,"kig"
"497","TLM079",5,1998,"kig"
"498","TLM080",3,1998,"kig"
"499","TLM082",5,1998,"kig"
"500","TLM083",5,1998,"kig"
"501","TLM086",5,1998,"kig"
"502","TLM089",5,1998,"kig"
"503","TLM094",5,1998,"kig"
"504","TLM095",3,1998,"kig"
"505","TLM096",5,1998,"kig"
"506","TLM097",5,1998,"kig"
"507","TLM098",5,1998,"kig"
"508","TLM100",5,1998,"kig"
"509","TLM102",5,1998,"kig"
"510","TLM103",4,1998,"kig"
"511","TLM104",3,1998,"kig"
"512","TLM105",5,1998,"kig"
"513","TLM106",5,1998,"kig"
"514","TLM107",5,1998,"kig"
"515","TLM109",4,1998,"kig"
"516","TLM112",2,1998,"kig"
"517","TLM113",5,1998,"kig"
"518","TLM117",4,1998,"kig"
"519","TLM118",3,1998,"kig"
"520","TLM123",5,1998,"kig"
"521","TLM124",4,1998,"kig"
"522","TLM126",3,1998,"kig"
"523","TLM128",5,1998,"kig"
"524","TLM135",3,1998,"kig"
"525","TLM136",5,1998,"kig"
"526","TLM140",6,1998,"kig"
"527","TLM141",3,1998,"kig"
"528","TLM142",5,1998,"kig"
"529","TLM146",6,1998,"kig"
"530","TLM153",4,1998,"kig"
"531","TLM154",5,1998,"kig"
"532","TLM157",4,1998,"kig"
"533","TLM158",5,1998,"kig"
"534","TLM159",4,1998,"kig"
"535","TLM163",4,1998,"kig"
"536","TLM164",4,1998,"kig"
"537","TLM165",4,1998,"kig"
"538","TLM166",2,1998,"kig"
"539","TLM167",4,1998,"kig"
"540","TLM169",2,1998,"kig"
"541","TLM170",3,1998,"kig"
"542","TLM171",4,1998,"kig"
"543","TLM172",4,1998,"kig"
"544","TLM174",4,1998,"kig"
"545","TLM175",5,1998,"kig"
"546","TLM176",4,1998,"kig"
"547","TLM177",2,1998,"kig"
"548","TLM178",3,1998,"kig"
"549","TLM179",5,1998,"kig"
"550","AQ001",4,1999,"kig"
"551","CLR002",6,1999,"kig"
"552","CLR006",3,1999,"kig"
"553","CLR007",4,1999,"kig"
"554","CLR015",4,1999,"kig"
"555","CLR033",4,1999,"kig"
"556","CLR034",5,1999,"kig"
"557","CLR036",5,1999,"kig"
"558","CLR043",5,1999,"kig"
"559","CLR048",5,1999,"kig"
"560","CLR057",5,1999,"kig"
"561","GJH002",6,1999,"kig"
"562","GJH005",3,1999,"kig"
"563","GJH009",4,1999,"kig"
"564","GJH019",6,1999,"kig"
"565","GJH020",6,1999,"kig"
"566","GJH027",6,1999,"kig"
"567","GJH028",5,1999,"kig"
"568","GJH034",4,1999,"kig"
"569","GJH035",5,1999,"kig"
"570","GJH045",5,1999,"kig"
"571","GJH051",4,1999,"kig"
"572","GJH052",5,1999,"kig"
"573","GJH054",5,1999,"kig"
"574","GJH056",5,1999,"kig"
"575","GJH057",5,1999,"kig"
"576","GJH058",4,1999,"kig"
"577","GJH060",5,1999,"kig"
"578","GJH062",3,1999,"kig"
"579","GJH063",4,1999,"kig"
"580","GJH066",5,1999,"kig"
"581","GJH069",4,1999,"kig"
"582","GJH074",4,1999,"kig"
"583","GJH075",5,1999,"kig"
"584","GJH076",7,1999,"kig"
"585","GJH077",5,1999,"kig"
"586","GJH081",6,1999,"kig"
"587","GJH089",4,1999,"kig"
"588","GJH090",3,1999,"kig"
"589","GJH092",4,1999,"kig"
"590","GJH093",6,1999,"kig"
"591","GJH096",5,1999,"kig"
"592","GJH098",5,1999,"kig"
"593","GJH100",5,1999,"kig"
"594","GJH111",5,1999,"kig"
"595","GJH114",5,1999,"kig"
"596","GJH115",5,1999,"kig"
"597","GJH117",5,1999,"kig"
"598","GJH120",3,1999,"kig"
"599","PD001",5,1999,"kig"
"600","TLM002",5,1999,"kig"
"601","TLM003",5,1999,"kig"
"602","TLM006",5,1999,"kig"
"603","TLM014",5,1999,"kig"
"604","TLM015",5,1999,"kig"
"605","TLM020",6,1999,"kig"
"606","TLM024",5,1999,"kig"
"607","TLM026",6,1999,"kig"
"608","TLM028",4,1999,"kig"
"609","TLM029",4,1999,"kig"
"610","TLM034",3,1999,"kig"
"611","TLM035",5,1999,"kig"
"612","TLM037",6,1999,"kig"
"613","TLM038",3,1999,"kig"
"614","TLM042",5,1999,"kig"
"615","TLM044",6,1999,"kig"
"616","TLM050",4,1999,"kig"
"617","TLM051",6,1999,"kig"
"618","TLM054",5,1999,"kig"
"619","TLM055",3,1999,"kig"
"620","TLM057",6,1999,"kig"
"621","TLM059",5,1999,"kig"
"622","TLM061",6,1999,"kig"
"623","TLM063",5,1999,"kig"
"624","TLM064",5,1999,"kig"
"625","TLM067",5,1999,"kig"
"626","TLM068",6,1999,"kig"
"627","TLM069",4,1999,"kig"
"628","TLM071",5,1999,"kig"
"629","TLM073",5,1999,"kig"
"630","TLM075",5,1999,"kig"
"631","TLM081",4,1999,"kig"
"632","TLM082",5,1999,"kig"
"633","TLM083",6,1999,"kig"
"634","TLM084",5,1999,"kig"
"635","TLM087",5,1999,"kig"
"636","TLM089",5,1999,"kig"
"637","TLM090",4,1999,"kig"
"638","TLM091",4,1999,"kig"
"639","TLM093",6,1999,"kig"
"640","TLM094",4,1999,"kig"
"641","TLM095",5,1999,"kig"
"642","TLM097",6,1999,"kig"
"643","TLM099",5,1999,"kig"
"644","TLM100",5,1999,"kig"
"645","TLM101",6,1999,"kig"
"646","TLM102",4,1999,"kig"
"647","TLM104",6,1999,"kig"
"648","TLM106",6,1999,"kig"
"649","TLM113",3,1999,"kig"
"650","TLM119",6,1999,"kig"
"651","TLM120",5,1999,"kig"
"652","TLM123",4,1999,"kig"
"653","TLM125",6,1999,"kig"
"654","TLM126",6,1999,"kig"
"655","TLM127",3,1999,"kig"
"656","TLM128",5,1999,"kig"
"657","TLM129",5,1999,"kig"
"658","TLM130",6,1999,"kig"
"659","TLM131",5,1999,"kig"
"660","TLM135",5,1999,"kig"
"661","TLM136",4,1999,"kig"
"662","TLM140",4,1999,"kig"
"663","TLM141",4,1999,"kig"
"664","TLM147",4,1999,"kig"
"665","TLM148",5,1999,"kig"
"666","TLM161",4,1999,"kig"
"667","TLM164",4,1999,"kig"
"668","TLM166",4,1999,"kig"
"669","TLM168",4,1999,"kig"
"670","MLS060",5,2000,"kig"
"671","BG010",3,2000,"kig"
"672","BG011",4,2000,"kig"
"673","BG005",4,2000,"kig"
"674","BG008",7,2000,"kig"
"675","BG016",6,2000,"kig"
"676","BG017",4,2000,"kig"
"677","BG018",5,2000,"kig"
"678","BG026",6,2000,"kig"
"679","BG027",6,2000,"kig"
"680","BG029",6,2000,"kig"
"681","BG034",1,2000,"kig"
"682","BG036",7,2000,"kig"
"683","BG037",6,2000,"kig"
"684","BG038",6,2000,"kig"
"685","BG040",5,2000,"kig"
"686","BG041",6,2000,"kig"
"687","BG047",7,2000,"kig"
"688","BG048",5,2000,"kig"
"689","BG050",6,2000,"kig"
"690","BG055",5,2000,"kig"
"691","BG056",6,2000,"kig"
"692","BG058",6,2000,"kig"
"693","BG063",6,2000,"kig"
"694","BG066",6,2000,"kig"
"695","BG076",5,2000,"kig"
"696","BG077",6,2000,"kig"
"697","BG079",5,2000,"kig"
"698","BG080",5,2000,"kig"
"699","BG090",5,2000,"kig"
"700","BG097",4,2000,"kig"
"701","BG101",6,2000,"kig"
"702","BG102",4,2000,"kig"
"703","BG112",5,2000,"kig"
"704","MLS002",3,2000,"kig"
"705","MLS003",5,2000,"kig"
"706","MLS005",5,2000,"kig"
"707","MLS008",6,2000,"kig"
"708","MLS010",5,2000,"kig"
"709","MLS015",6,2000,"kig"
"710","MLS016",5,2000,"kig"
"711","MLS020",5,2000,"kig"
"712","MLS023",5,2000,"kig"
"713","MLS024",3,2000,"kig"
"714","MLS026",4,2000,"kig"
"715","MLS030",6,2000,"kig"
"716","MLS031",5,2000,"kig"
"717","MLS032",4,2000,"kig"
"718","MLS033",6,2000,"kig"
"719","MLS034",6,2000,"kig"
"720","MLS037",4,2000,"kig"
"721","MLS039",5,2000,"kig"
"722","MLS041",6,2000,"kig"
"723","MLS042",5,2000,"kig"
"724","MLS045",4,2000,"kig"
"725","MLS046",5,2000,"kig"
"726","MLS047",6,2000,"kig"
"727","MLS051",4,2000,"kig"
"728","MLS054",5,2000,"kig"
"729","MLS065",6,2000,"kig"
"730","MLS066",4,2000,"kig"
"731","MLS067",5,2000,"kig"
"732","MLS069",4,2000,"kig"
"733","MLS071",4,2000,"kig"
"734","MLS073",3,2000,"kig"
"735","MLS078",5,2000,"kig"
"736","MLS082",5,2000,"kig"
"737","MLS084",7,2000,"kig"
"738","TLM007",6,2000,"kig"
"739","TLM008",7,2000,"kig"
"740","TLM012",5,2000,"kig"
"741","TLM015",6,2000,"kig"
"742","TLM027",6,2000,"kig"
"743","TLM030",6,2000,"kig"
"744","TLM031",6,2000,"kig"
"745","TLM032",5,2000,"kig"
"746","TLM034",4,2000,"kig"
"747","TLM041",4,2000,"kig"
"748","TLM043",5,2000,"kig"
"749","TLM045",5,2000,"kig"
"750","TLM046",5,2000,"kig"
"751","TLM047",5,2000,"kig"
"752","TLM049",5,2000,"kig"
"753","TLM051",5,2000,"kig"
"754","TLM053",5,2000,"kig"
"755","TLM055",5,2000,"kig"
"756","TLM070",6,2000,"kig"
"757","TLM071",6,2000,"kig"
"758","TLM073",4,2000,"kig"
"759","TLM074",5,2000,"kig"
"760","TLM078",6,2000,"kig"
"761","TLM081",4,2000,"kig"
"762","TLM083",3,2000,"kig"
"763","TLM084",5,2000,"kig"
"764","TLM085",6,2000,"kig"
"765","TLM086",5,2000,"kig"
"766","TLM087",5,2000,"kig"
"767","TLM089",3,2000,"kig"
"768","TLM091",5,2000,"kig"
"769","TLM092",5,2000,"kig"
"770","TLM093",4,2000,"kig"
"771","TLM099",5,2000,"kig"
"772","TLM101",5,2000,"kig"
"773","TLM102",4,2000,"kig"
"774","TLM103",6,2000,"kig"
"775","TLM104",5,2000,"kig"
"776","TLM105",6,2000,"kig"
"777","TLM106",5,2000,"kig"
"778","TLM107",4,2000,"kig"
"779","TLM108",5,2000,"kig"
"780","TLM112",6,2000,"kig"
"781","TLM116",4,2000,"kig"
"782","TLM118",5,2000,"kig"
"783","TLM123",6,2000,"kig"
"784","TLM124",3,2000,"kig"
"785","DVS008",4,2001,"kig"
"786","DVS013",5,2001,"kig"
"787","DVS030",4,2001,"kig"
"788","DVS043",4,2001,"kig"
"789","DVS055",6,2001,"kig"
"790","DVS059",5,2001,"kig"
"791","DVS069",4,2001,"kig"
"792","DVS075",2,2001,"kig"
"793","DVS081",3,2001,"kig"
"794","HCW004",4,2001,"kig"
"795","HCW016",4,2001,"kig"
"796","HCW022",5,2001,"kig"
"797","HCW036",4,2001,"kig"
"798","HCW041",5,2001,"kig"
"799","HCW043",4,2001,"kig"
"800","HCW044",1,2001,"kig"
"801","HCW047",4,2001,"kig"
"802","HCW060",3,2001,"kig"
"803","MLW043",5,2001,"kig"
"804","MLW048",3,2001,"kig"
"805","MLW059",5,2001,"kig"
"806","MLW060",4,2001,"kig"
"807","MLW065",4,2001,"kig"
"808","MLW073",5,2001,"kig"
"809","MLW077",2,2001,"kig"
"810","CEF001",5,2002,"kig"
"811","CEF004",7,2002,"kig"
"812","CEF005",3,2002,"kig"
"813","CEF006",6,2002,"kig"
"814","CEF010",6,2002,"kig"
"815","CEF011",1,2002,"kig"
"816","CEF012",3,2002,"kig"
"817","CEF013",4,2002,"kig"
"818","CEF016",4,2002,"kig"
"819","CEF018",6,2002,"kig"
"820","CEF021",6,2002,"kig"
"821","CEF022",6,2002,"kig"
"822","HCW001",5,2002,"kig"
"823","HCW003",6,2002,"kig"
"824","HCW006",5,2002,"kig"
"825","HCW008",5,2002,"kig"
"826","HCW011",6,2002,"kig"
"827","HCW013",4,2002,"kig"
"828","HCW014",6,2002,"kig"
"829","HCW018",6,2002,"kig"
"830","HCW021",5,2002,"kig"
"831","HCW023",5,2002,"kig"
"832","HCW025",6,2002,"kig"
"833","HCW026",6,2002,"kig"
"834","HCW030",5,2002,"kig"
"835","HCW032",5,2002,"kig"
"836","HCW037",6,2002,"kig"
"837","HCW038",5,2002,"kig"
"838","HCW039",5,2002,"kig"
"839","HCW042",6,2002,"kig"
"840","HCW043",4,2002,"kig"
"841","HCW044",5,2002,"kig"
"842","HCW047",6,2002,"kig"
"843","HCW048",5,2002,"kig"
"844","HCW049",5,2002,"kig"
"845","HCW050",6,2002,"kig"
"846","HCW055",6,2002,"kig"
"847","HCW062",3,2002,"kig"
"848","HCW070",4,2002,"kig"
"849","HCW072",5,2002,"kig"
"850","HCW076",6,2002,"kig"
"851","HMW011",6,2002,"kig"
"852","HMW012",5,2002,"kig"
"853","HMW014",5,2002,"kig"
"854","HMW022",5,2002,"kig"
"855","HMW023",5,2002,"kig"
"856","HMW024",4,2002,"kig"
"857","HMW025",5,2002,"kig"
"858","HMW029",7,2002,"kig"
"859","HMW034",6,2002,"kig"
"860","HMW035",6,2002,"kig"
"861","HMW039",6,2002,"kig"
"862","HMW048",6,2002,"kig"
"863","HMW050",5,2002,"kig"
"864","HMW052",4,2002,"kig"
"865","HMW053",6,2002,"kig"
"866","HMW055",6,2002,"kig"
"867","HMW060",5,2002,"kig"
"868","HMW061",6,2002,"kig"
"869","HMW063",6,2002,"kig"
"870","HMW064",6,2002,"kig"
"871","HMW066",6,2002,"kig"
"872","HMW067",5,2002,"kig"
"873","HMW068",6,2002,"kig"
"874","HMW069",6,2002,"kig"
"875","HMW075",6,2002,"kig"
"876","HMW076",6,2002,"kig"
"877","HMW087",6,2002,"kig"
"878","HMW098",3,2002,"kig"
"879","HMW100",6,2002,"kig"
"880","HMW106",6,2002,"kig"
"881","HMW107",6,2002,"kig"
"882","HMW115",4,2002,"kig"
"883","HMW116",4,2002,"kig"
"884","HMW119",4,2002,"kig"
"885","HMW120",5,2002,"kig"
"886","HMW123",6,2002,"kig"
"887","HMW125",5,2002,"kig"
"888","HMW136",7,2002,"kig"
"889","HMW150",5,2002,"kig"
"890","HMW151",4,2002,"kig"
"891","HMW156",5,2002,"kig"
"892","HMW157",6,2002,"kig"
"893","HMW163",5,2002,"kig"
"894","HMW166",6,2002,"kig"
"895","HMW168",6,2002,"kig"
"896","HMW175",5,2002,"kig"
"897","HMW178",5,2002,"kig"
"898","HMW183",5,2002,"kig"
"899","HMW187",5,2002,"kig"
"900","HMW192",5,2002,"kig"
"901","HMW195",3,2002,"kig"
"902","HMW208",5,2002,"kig"
"903","HMW211",3,2002,"kig"
"904","JLO004",6,2002,"kig"
"905","JLO010",7,2002,"kig"
"906","JLO012",5,2002,"kig"
"907","JLO014",4,2002,"kig"
"908","JLO015",5,2002,"kig"
"909","JLO016",5,2002,"kig"
"910","JLO017",6,2002,"kig"
"911","JLO018",4,2002,"kig"
"912","JLO020",6,2002,"kig"
"913","JLO021",6,2002,"kig"
"914","JLO023",5,2002,"kig"
"915","JLO024",4,2002,"kig"
"916","JLO025",5,2002,"kig"
"917","JLO032",5,2002,"kig"
"918","JLO034",6,2002,"kig"
"919","JLO038",6,2002,"kig"
"920","JLO040",6,2002,"kig"
"921","JLO043",4,2002,"kig"
"922","JLO044",5,2002,"kig"
"923","JLO046",6,2002,"kig"
"924","JLO047",6,2002,"kig"
"925","JLO048",5,2002,"kig"
"926","JLO050",6,2002,"kig"
"927","JLO053",5,2002,"kig"
"928","JLO055",4,2002,"kig"
"929","JLO066",4,2002,"kig"
"930","MLW002",6,2002,"kig"
"931","MLW003",5,2002,"kig"
"932","MLW004",6,2002,"kig"
"933","MLW005",6,2002,"kig"
"934","MLW011",5,2002,"kig"
"935","MLW012",6,2002,"kig"
"936","MLW014",6,2002,"kig"
"937","MLW016",3,2002,"kig"
"938","MLW023",6,2002,"kig"
"939","RMO003",5,2002,"kig"
"940","TEH002",3,2002,"kig"
"941","TLM121",5,2002,"kig"
"942","HCW003",5,2003,"kig"
"943","HCW007",6,2003,"kig"
"944","HCW014",4,2003,"kig"
"945","HCW016",6,2003,"kig"
"946","HCW017",6,2003,"kig"
"947","HCW021",6,2003,"kig"
"948","HCW022",6,2003,"kig"
"949","HCW028",6,2003,"kig"
"950","HCW029",6,2003,"kig"
"951","HCW032",5,2003,"kig"
"952","HCW038",3,2003,"kig"
"953","HCW040",3,2003,"kig"
"954","HCW043",4,2003,"kig"
"955","HCW044",5,2003,"kig"
"956","HCW045",3,2003,"kig"
"957","HCW047",1,2003,"kig"
"958","HMW006",5,2003,"kig"
"959","HMW020",6,2003,"kig"
"960","HMW041",6,2003,"kig"
"961","HMW042",5,2003,"kig"
"962","HMW049",3,2003,"kig"
"963","HMW050",5,2003,"kig"
"964","HMW051",5,2003,"kig"
"965","HMW052",5,2003,"kig"
"966","HMW063",5,2003,"kig"
"967","HMW080",5,2003,"kig"
"968","HMW090",5,2003,"kig"
"969","HMW093",4,2003,"kig"
"970","HMW094",6,2003,"kig"
"971","HMW096",5,2003,"kig"
"972","HMW098",5,2003,"kig"
"973","HMW101",5,2003,"kig"
"974","HMW102",5,2003,"kig"
"975","HMW113",6,2003,"kig"
"976","HMW120",4,2003,"kig"
"977","HMW121",2,2003,"kig"
"978","HMW129",6,2003,"kig"
"979","HMW136",5,2003,"kig"
"980","HMW144",2,2003,"kig"
"981","HMW145",5,2003,"kig"
"982","HMW148",3,2003,"kig"
"983","HMW158",3,2003,"kig"
"984","HMW159",3,2003,"kig"
"985","HMW160",6,2003,"kig"
"986","HMW161",5,2003,"kig"
"987","HMW166",3,2003,"kig"
"988","HMW168",5,2003,"kig"
"989","HMW172",5,2003,"kig"
"990","HMW174",6,2003,"kig"
"991","HMW178",5,2003,"kig"
"992","HMW179",2,2003,"kig"
"993","HMW180",4,2003,"kig"
"994","HMW189",4,2003,"kig"
"995","JLO001",4,2003,"kig"
"996","JLO004",6,2003,"kig"
"997","JLO005",5,2003,"kig"
"998","JLO007",4,2003,"kig"
"999","JLO008",3,2003,"kig"
"1000","JLO009",5,2003,"kig"
"1001","JLO016",4,2003,"kig"
"1002","JLO017",5,2003,"kig"
"1003","JLO020",6,2003,"kig"
"1004","JLO024",5,2003,"kig"
"1005","JLO025",6,2003,"kig"
"1006","JLO027",4,2003,"kig"
"1007","JLO028",5,2003,"kig"
"1008","JLO029",5,2003,"kig"
"1009","JLO036",6,2003,"kig"
"1010","JLO037",4,2003,"kig"
"1011","JLO038",6,2003,"kig"
"1012","JLO045",5,2003,"kig"
"1013","JLO046",4,2003,"kig"
"1014","MLW003",5,2003,"kig"
"1015","MLW004",2,2003,"kig"
"1016","MLW005",5,2003,"kig"
"1017","MLW006",5,2003,"kig"
"1018","MLW009",3,2003,"kig"
"1019","MLW010",3,2003,"kig"
"1020","MLW013",4,2003,"kig"
"1021","MLW019",5,2003,"kig"
"1022","MLW020",6,2003,"kig"
"1023","MLW023",6,2003,"kig"
"1024","MLW024",6,2003,"kig"
"1025","MLW029",5,2003,"kig"
"1026","MLW032",5,2003,"kig"
"1027","MLW033",4,2003,"kig"
"1028","MLW040",5,2003,"kig"
"1029","MLW049",5,2003,"kig"
"1030","MLW050",4,2003,"kig"
"1031","PLF002",5,2003,"kig"
"1032","TJO001",6,2003,"kig"
"1033","TJO004",6,2003,"kig"
"1034","TJO005",5,2003,"kig"
"1035","TJO006",6,2003,"kig"
"1036","TJO007",5,2003,"kig"
"1037","TJO008",6,2003,"kig"
"1038","TJO009",5,2003,"kig"
"1039","TJO010",5,2003,"kig"
"1040","TJO011",6,2003,"kig"
"1041","TJO012",5,2003,"kig"
"1042","TJO013",5,2003,"kig"
"1043","TJO015",3,2003,"kig"
"1044","TJO016",5,2003,"kig"
"1045","TJO020",3,2003,"kig"
"1046","TJO021",5,2003,"kig"
"1047","TJO022",5,2003,"kig"
"1048","TJO023",5,2003,"kig"
"1049","TJO024",6,2003,"kig"
"1050","TJO027",5,2003,"kig"
"1051","TJO028",5,2003,"kig"
"1052","TJO030",4,2003,"kig"
"1053","TJO031",7,2003,"kig"
"1054","TJO032",4,2003,"kig"
"1055","TJO033",5,2003,"kig"
"1056","TJO039",6,2003,"kig"
"1057","TJO040",3,2003,"kig"
"1058","TJO043",6,2003,"kig"
"1059","TJO044",4,2003,"kig"
"1060","TJO050",5,2003,"kig"
"1061","TJO057",5,2003,"kig"
"1062","TJO059",4,2003,"kig"
"1063","BNS001",5,2004,"kig"
"1064","BNS002",6,2004,"kig"
"1065","BNS005",6,2004,"kig"
"1066","BNS008",4,2004,"kig"
"1067","BNS013",6,2004,"kig"
"1068","BNS015",5,2004,"kig"
"1069","BNS021",5,2004,"kig"
"1070","BNS022",6,2004,"kig"
"1071","BNS024",5,2004,"kig"
"1072","BNS025",3,2004,"kig"
"1073","BNS026",4,2004,"kig"
"1074","BNS027",6,2004,"kig"
"1075","BNS030",5,2004,"kig"
"1076","BNS031",2,2004,"kig"
"1077","BNS034",5,2004,"kig"
"1078","BNS036",6,2004,"kig"
"1079","BNS037",4,2004,"kig"
"1080","BNS038",5,2004,"kig"
"1081","BNS039",6,2004,"kig"
"1082","BNS040",6,2004,"kig"
"1083","BNS041",4,2004,"kig"
"1084","BNS042",6,2004,"kig"
"1085","BNS043",6,2004,"kig"
"1086","BNS044",5,2004,"kig"
"1087","BNS046",6,2004,"kig"
"1088","BNS051",5,2004,"kig"
"1089","BNS052",4,2004,"kig"
"1090","BNS053",4,2004,"kig"
"1091","BNS054",5,2004,"kig"
"1092","HMW020",6,2004,"kig"
"1093","HMW023",4,2004,"kig"
"1094","HMW029",5,2004,"kig"
"1095","HMW032",6,2004,"kig"
"1096","HMW036",6,2004,"kig"
"1097","HMW037",5,2004,"kig"
"1098","HMW040",6,2004,"kig"
"1099","HMW046",6,2004,"kig"
"1100","HMW055",5,2004,"kig"
"1101","HMW067",4,2004,"kig"
"1102","HMW068",5,2004,"kig"
"1103","HMW070",6,2004,"kig"
"1104","HMW072",3,2004,"kig"
"1105","HMW074",4,2004,"kig"
"1106","HMW076",5,2004,"kig"
"1107","HMW089",6,2004,"kig"
"1108","HMW091",5,2004,"kig"
"1109","HMW099",5,2004,"kig"
"1110","HMW105",4,2004,"kig"
"1111","HMW110",4,2004,"kig"
"1112","HMW111",4,2004,"kig"
"1113","HMW115",5,2004,"kig"
"1114","HMW127",7,2004,"kig"
"1115","HMW128",6,2004,"kig"
"1116","HMW130",5,2004,"kig"
"1117","LJV003",4,2004,"kig"
"1118","LJV004",6,2004,"kig"
"1119","LJV005",6,2004,"kig"
"1120","LJV009",6,2004,"kig"
"1121","LJV012",6,2004,"kig"
"1122","LJV015",5,2004,"kig"
"1123","LJV018",6,2004,"kig"
"1124","LJV020",6,2004,"kig"
"1125","LJV022",5,2004,"kig"
"1126","LJV023",4,2004,"kig"
"1127","LJV026",6,2004,"kig"
"1128","LJV028",5,2004,"kig"
"1129","LJV031",5,2004,"kig"
"1130","LJV032",5,2004,"kig"
"1131","LJV034",6,2004,"kig"
"1132","LJV044",5,2004,"kig"
"1133","LJV047",5,2004,"kig"
"1134","LJV056",6,2004,"kig"
"1135","LJV059",6,2004,"kig"
"1136","LJV064",6,2004,"kig"
"1137","LJV066",6,2004,"kig"
"1138","LJV072",6,2004,"kig"
"1139","LJV073",5,2004,"kig"
"1140","LJV075",5,2004,"kig"
"1141","LJV089",5,2004,"kig"
"1142","LJV091",4,2004,"kig"
"1143","LJV092",5,2004,"kig"
"1144","LJV093",3,2004,"kig"
"1145","LJV101",4,2004,"kig"
"1146","MLW001",4,2004,"kig"
"1147","MLW003",5,2004,"kig"
"1148","MLW004",6,2004,"kig"
"1149","MLW006",5,2004,"kig"
"1150","MLW009",5,2004,"kig"
"1151","MLW014",5,2004,"kig"
"1152","MLW015",5,2004,"kig"
"1153","MLW017",5,2004,"kig"
"1154","MLW019",4,2004,"kig"
"1155","MLW020",5,2004,"kig"
"1156","MLW024",5,2004,"kig"
"1157","MLW025",5,2004,"kig"
"1158","MLW027",6,2004,"kig"
"1159","MLW029",6,2004,"kig"
"1160","MLW032",5,2004,"kig"
"1161","MLW034",5,2004,"kig"
"1162","MLW036",2,2004,"kig"
"1163","MLW048",3,2004,"kig"
"1164","MLW049",6,2004,"kig"
"1165","MLW050",4,2004,"kig"
"1166","MLW051",4,2004,"kig"
"1167","MLW055",7,2004,"kig"
"1168","MLW056",5,2004,"kig"
"1169","MLW060",6,2004,"kig"
"1170","MLW061",5,2004,"kig"
"1171","MLW071",5,2004,"kig"
"1172","MLW073",5,2004,"kig"
"1173","MLW074",5,2004,"kig"
"1174","MLW078",3,2004,"kig"
"1175","MLW080",4,2004,"kig"
"1176","MLW082",4,2004,"kig"
"1177","MLW083",6,2004,"kig"
"1178","MLW084",5,2004,"kig"
"1179","TJO003",6,2004,"kig"
"1180","TJO006",6,2004,"kig"
"1181","TJO015",3,2004,"kig"
"1182","TJO018",7,2004,"kig"
"1183","TJO026",5,2004,"kig"
"1184","TJO031",4,2004,"kig"
"1185","TJO032",5,2004,"kig"
"1186","TJO033",4,2004,"kig"
"1187","TJO034",6,2004,"kig"
"1188","TJO035",6,2004,"kig"
"1189","TJO038",5,2004,"kig"
"1190","TJO039",6,2004,"kig"
"1191","TJO040",5,2004,"kig"
"1192","TJO042",5,2004,"kig"
"1193","TJO045",5,2004,"kig"
"1194","TJO046",6,2004,"kig"
"1195","TJO048",6,2004,"kig"
"1196","TJO051",3,2004,"kig"
"1197","TJO052",5,2004,"kig"
"1198","TJO054",6,2004,"kig"
"1199","TJO055",6,2004,"kig"
"1200","TJO056",4,2004,"kig"
"1201","TJO057",6,2004,"kig"
"1202","TJO059",5,2004,"kig"
"1203","TJO060",7,2004,"kig"
"1204","TJO062",5,2004,"kig"
"1205","TJO064",6,2004,"kig"
"1206","TJO067",2,2004,"kig"
"1207","TJO068",4,2004,"kig"
"1208","TJO069",5,2004,"kig"
"1209","TJO073",4,2004,"kig"
"1210","TJO074",5,2004,"kig"
"1211","BCL002",3,2005,"kig"
"1212","BCL003",6,2005,"kig"
"1213","BCL005",4,2005,"kig"
"1214","BCL007",4,2005,"kig"
"1215","BCL02",3,2005,"kig"
"1216","BCL020",5,2005,"kig"
"1217","BCL023",5,2005,"kig"
"1218","BCL025",6,2005,"kig"
"1219","BCL027",5,2005,"kig"
"1220","BCL032",4,2005,"kig"
"1221","BCL034",4,2005,"kig"
"1222","BCL035",5,2005,"kig"
"1223","BCL036",5,2005,"kig"
"1224","BCL037",4,2005,"kig"
"1225","BCL038",5,2005,"kig"
"1226","BCL039",6,2005,"kig"
"1227","BCL043",4,2005,"kig"
"1228","BCL044",4,2005,"kig"
"1229","BCL047",5,2005,"kig"
"1230","BCL048",5,2005,"kig"
"1231","BCL049",2,2005,"kig"
"1232","BCL050",3,2005,"kig"
"1233","BCL052",6,2005,"kig"
"1234","BCL053",4,2005,"kig"
"1235","BCL054",5,2005,"kig"
"1236","BCL059",4,2005,"kig"
"1237","BCL060",6,2005,"kig"
"1238","BCL061",5,2005,"kig"
"1239","BCL063",5,2005,"kig"
"1240","BCL064",4,2005,"kig"
"1241","BCL065",4,2005,"kig"
"1242","BCL066",5,2005,"kig"
"1243","BCL067",3,2005,"kig"
"1244","BCL999",5,2005,"kig"
"1245","MLW001",4,2005,"kig"
"1246","MLW005",6,2005,"kig"
"1247","MLW006",5,2005,"kig"
"1248","MLW007",4,2005,"kig"
"1249","MLW008",5,2005,"kig"
"1250","MLW009",4,2005,"kig"
"1251","MLW012",5,2005,"kig"
"1252","MLW013",3,2005,"kig"
"1253","MLW015",6,2005,"kig"
"1254","MLW017",6,2005,"kig"
"1255","MLW020",3,2005,"kig"
"1256","MLW021",5,2005,"kig"
"1257","MLW022",4,2005,"kig"
"1258","MLW025",4,2005,"kig"
"1259","MLW026",6,2005,"kig"
"1260","MLW027",6,2005,"kig"
"1261","MLW031",5,2005,"kig"
"1262","MLW034",5,2005,"kig"
"1263","MLW043",5,2005,"kig"
"1264","MLW047",5,2005,"kig"
"1265","MLW049",5,2005,"kig"
"1266","MLW051",4,2005,"kig"
"1267","MLW055",3,2005,"kig"
"1268","MLW057",4,2005,"kig"
"1269","MLW059",4,2005,"kig"
"1270","PLF001",6,2005,"kig"
"1271","PLF005",3,2005,"kig"
"1272","PLF008",5,2005,"kig"
"1273","PLF013",5,2005,"kig"
"1274","PLF014",5,2005,"kig"
"1275","SEA002",5,2005,"kig"
"1276","SEA003",5,2005,"kig"
"1277","SEA004",4,2005,"kig"
"1278","SEA005",6,2005,"kig"
"1279","SEA006",6,2005,"kig"
"1280","SEA007",6,2005,"kig"
"1281","SEA009",5,2005,"kig"
"1282","SEA011",5,2005,"kig"
"1283","SEA012",6,2005,"kig"
"1284","SEA013",6,2005,"kig"
"1285","SEA014",4,2005,"kig"
"1286","SEA015",5,2005,"kig"
"1287","SEA018",5,2005,"kig"
"1288","SEA019",5,2005,"kig"
"1289","SEA020",4,2005,"kig"
"1290","SEA021",5,2005,"kig"
"1291","SEA023",5,2005,"kig"
"1292","SEA024",4,2005,"kig"
"1293","TJO001",5,2005,"kig"
"1294","TJO002",5,2005,"kig"
"1295","TJO003",4,2005,"kig"
"1296","TJO004",7,2005,"kig"
"1297","TJO005",4,2005,"kig"
"1298","TJO006",5,2005,"kig"
"1299","TJO008",5,2005,"kig"
"1300","TJO010",5,2005,"kig"
"1301","TJO011",4,2005,"kig"
"1302","TJO012",5,2005,"kig"
"1303","TJO014",5,2005,"kig"
"1304","TJO016",6,2005,"kig"
"1305","TJO017",5,2005,"kig"
"1306","TJO018",5,2005,"kig"
"1307","TJO019",5,2005,"kig"
"1308","TJO020",5,2005,"kig"
"1309","TJO021",5,2005,"kig"
"1310","TJO022",5,2005,"kig"
"1311","TJO023",6,2005,"kig"
"1312","TJO024",4,2005,"kig"
"1313","TJO027",4,2005,"kig"
"1314","TJO028",5,2005,"kig"
"1315","TJO029",5,2005,"kig"
"1316","TJO030",4,2005,"kig"
"1317","TJO032",6,2005,"kig"
"1318","TJO036",6,2005,"kig"
"1319","TJO037",5,2005,"kig"
"1320","TJO040",5,2005,"kig"
"1321","TJO041",6,2005,"kig"
"1322","TJO042",7,2005,"kig"
"1323","TJO044",5,2005,"kig"
"1324","TJO045",4,2005,"kig"
"1325","TJO046",6,2005,"kig"
"1326","TJO047",5,2005,"kig"
"1327","TJO048",3,2005,"kig"
"1328","TJO049",5,2005,"kig"
"1329","TJO050",7,2005,"kig"
"1330","TJO051",6,2005,"kig"
"1331","TRJ001",5,2005,"kig"
"1332","TRJ003",5,2005,"kig"
"1333","TRJ007",5,2005,"kig"
"1334","TRJ011",3,2005,"kig"
"1335","TRJ012",6,2005,"kig"
"1336","TRJ013",5,2005,"kig"
"1337","TRJ014",6,2005,"kig"
"1338","TRJ015",5,2005,"kig"
"1339","TRJ016",5,2005,"kig"
"1340","TRJ018",5,2005,"kig"
"1341","TRJ019",4,2005,"kig"
"1342","TRJ020",6,2005,"kig"
"1343","TRJ021",6,2005,"kig"
"1344","TRJ023",5,2005,"kig"
"1345","TRJ026",5,2005,"kig"
"1346","TRJ028",5,2005,"kig"
"1347","TRJ029",4,2005,"kig"
"1348","TRJ031",4,2005,"kig"
"1349","TRJ035",3,2005,"kig"
"1350","TRJ037",5,2005,"kig"
"1351","TRJ038",5,2005,"kig"
"1352","TRJ041",3,2005,"kig"
"1353","TRJ043",4,2005,"kig"
"1354","TRJ044",6,2005,"kig"
"1355","TRJ063",6,2005,"kig"
"1356","TRJ064",5,2005,"kig"
"1357","TRJ065",4,2005,"kig"
"1358","TRJ066",6,2005,"kig"
"1359","TRJ067",6,2005,"kig"
"1360","BCL002",7,2006,"kig"
"1361","BCL007",6,2006,"kig"
"1362","BCL011",5,2006,"kig"
"1363","BCL013",5,2006,"kig"
"1364","BCL017",6,2006,"kig"
"1365","BCL022",5,2006,"kig"
"1366","BCL025",5,2006,"kig"
"1367","BCL026",6,2006,"kig"
"1368","BCL029",5,2006,"kig"
"1369","BCL030",6,2006,"kig"
"1370","BCL033",5,2006,"kig"
"1371","BCL037",4,2006,"kig"
"1372","BCL040",5,2006,"kig"
"1373","BCL042",4,2006,"kig"
"1374","BCL043",5,2006,"kig"
"1375","BCL044",6,2006,"kig"
"1376","BCL045",6,2006,"kig"
"1377","BCL050",5,2006,"kig"
"1378","BCL051",5,2006,"kig"
"1379","BCL052",5,2006,"kig"
"1380","BCL053",6,2006,"kig"
"1381","BCL055",5,2006,"kig"
"1382","BCL056",5,2006,"kig"
"1383","BCL057",4,2006,"kig"
"1384","BCL060",5,2006,"kig"
"1385","BCL061",5,2006,"kig"
"1386","BCL062",6,2006,"kig"
"1387","BCL065",5,2006,"kig"
"1388","BCL069",5,2006,"kig"
"1389","BCL070",3,2006,"kig"
"1390","BCL071",4,2006,"kig"
"1391","BCL072",6,2006,"kig"
"1392","BCL073",3,2006,"kig"
"1393","DCP021",6,2006,"kig"
"1394","DCP022",5,2006,"kig"
"1395","DCP024",6,2006,"kig"
"1396","DCP027",5,2006,"kig"
"1397","DCP030",5,2006,"kig"
"1398","DCP031",5,2006,"kig"
"1399","DCP035",6,2006,"kig"
"1400","DCP036",3,2006,"kig"
"1401","DCP037",6,2006,"kig"
"1402","DCP038",4,2006,"kig"
"1403","DCP039",5,2006,"kig"
"1404","DCP041",5,2006,"kig"
"1405","DCP042",4,2006,"kig"
"1406","DCP045",4,2006,"kig"
"1407","DCP047",5,2006,"kig"
"1408","DCP048",3,2006,"kig"
"1409","DCP049",5,2006,"kig"
"1410","DCP050",6,2006,"kig"
"1411","DCP051",5,2006,"kig"
"1412","DCP052",5,2006,"kig"
"1413","DCP053",34,2006,"kig"
"1414","DCP055",5,2006,"kig"
"1415","DCP057",4,2006,"kig"
"1416","DCP058",6,2006,"kig"
"1417","DCP060",3,2006,"kig"
"1418","DCP062",5,2006,"kig"
"1419","DCP064",5,2006,"kig"
"1420","GPL008",6,2006,"kig"
"1421","GPL033",6,2006,"kig"
"1422","GPL037",6,2006,"kig"
"1423","GPL041",5,2006,"kig"
"1424","GPL059",6,2006,"kig"
"1425","GPL061",3,2006,"kig"
"1426","GPL064",5,2006,"kig"
"1427","GPL068",4,2006,"kig"
"1428","GPL070",6,2006,"kig"
"1429","GPL071",6,2006,"kig"
"1430","GPL073",6,2006,"kig"
"1431","GPL074",3,2006,"kig"
"1432","GPL075",4,2006,"kig"
"1433","GPL076",5,2006,"kig"
"1434","GPL077",2,2006,"kig"
"1435","GPL078",6,2006,"kig"
"1436","GPL080",6,2006,"kig"
"1437","GPL081",6,2006,"kig"
"1438","GPL082",5,2006,"kig"
"1439","GPL084",4,2006,"kig"
"1440","GPL088",5,2006,"kig"
"1441","GPL089",7,2006,"kig"
"1442","GPL092",5,2006,"kig"
"1443","GPL094",5,2006,"kig"
"1444","GPL095",5,2006,"kig"
"1445","GPL096",5,2006,"kig"
"1446","GPL098",6,2006,"kig"
"1447","GPL099",6,2006,"kig"
"1448","GPL100",5,2006,"kig"
"1449","GPL101",4,2006,"kig"
"1450","GPL102",5,2006,"kig"
"1451","JJR023",6,2006,"kig"
"1452","JJR026",5,2006,"kig"
"1453","JJR029",5,2006,"kig"
"1454","JJR030",6,2006,"kig"
"1455","JJR041",5,2006,"kig"
"1456","JJR043",6,2006,"kig"
"1457","JJR044",4,2006,"kig"
"1458","JJR045",6,2006,"kig"
"1459","JJR047",4,2006,"kig"
"1460","JJR048",7,2006,"kig"
"1461","JJR049",4,2006,"kig"
"1462","JJR052",4,2006,"kig"
"1463","JJR053",6,2006,"kig"
"1464","JJR054",2,2006,"kig"
"1465","JJR055",5,2006,"kig"
"1466","JJR059",6,2006,"kig"
"1467","JJR063",4,2006,"kig"
"1468","JJR064",4,2006,"kig"
"1469","JJR065",5,2006,"kig"
"1470","JJR066",6,2006,"kig"
"1471","JJR070",5,2006,"kig"
"1472","JJR072",6,2006,"kig"
"1473","JJR074",4,2006,"kig"
"1474","JJR075",5,2006,"kig"
"1475","JJR076",5,2006,"kig"
"1476","JJR077",5,2006,"kig"
"1477","JJR079",6,2006,"kig"
"1478","JJR083",5,2006,"kig"
"1479","JJR084",4,2006,"kig"
"1480","JJR085",5,2006,"kig"
"1481","JJR087",4,2006,"kig"
"1482","JJR088",6,2006,"kig"
"1483","JJR093",2,2006,"kig"
"1484","JJR094",3,2006,"kig"
"1485","JJR095",5,2006,"kig"
"1486","JJR096",5,2006,"kig"
"1487","JJR099",4,2006,"kig"
"1488","JJR100",5,2006,"kig"
"1489","MSS024",4,2006,"kig"
"1490","MSS027",5,2006,"kig"
"1491","MSS028",5,2006,"kig"
"1492","MSS029",6,2006,"kig"
"1493","MSS030",4,2006,"kig"
"1494","MSS031",6,2006,"kig"
"1495","MSS032",6,2006,"kig"
"1496","MSS035",5,2006,"kig"
"1497","MSS037",4,2006,"kig"
"1498","MSS038",5,2006,"kig"
"1499","MSS040",5,2006,"kig"
"1500","MSS041",5,2006,"kig"
"1501","MSS044",5,2006,"kig"
"1502","MSS046",6,2006,"kig"
"1503","MSS048",5,2006,"kig"
"1504","MSS049",5,2006,"kig"
"1505","MSS050",5,2006,"kig"
"1506","MSS051",5,2006,"kig"
"1507","MSS052",4,2006,"kig"
"1508","MSS053",4,2006,"kig"
"1509","MSS057",4,2006,"kig"
"1510","MSS063",4,2006,"kig"
"1511","MSS064",8,2006,"kig"
"1512","MSS065",3,2006,"kig"
"1513","MSS066",6,2006,"kig"
"1514","MSS067",5,2006,"kig"
"1515","MSS068",2,2006,"kig"
"1516","MSS070",5,2006,"kig"
"1517","MSS071",5,2006,"kig"
"1518","MSS073",5,2006,"kig"
"1519","MSS076",4,2006,"kig"
"1520","MSS078",5,2006,"kig"
"1521","MSS079",5,2006,"kig"
"1522","PLF029",3,2006,"kig"
"1523","PLF083",6,2006,"kig"
"1524","PLF122",3,2006,"kig"
"1525","BCL001",5,2007,"kig"
"1526","BCL004",4,2007,"kig"
"1527","BCL006",5,2007,"kig"
"1528","BCL007",5,2007,"kig"
"1529","BCL013",5,2007,"kig"
"1530","BCL015",6,2007,"kig"
"1531","BCL020",5,2007,"kig"
"1532","BCL027",6,2007,"kig"
"1533","BCL031",6,2007,"kig"
"1534","BCL036",6,2007,"kig"
"1535","BCL039",6,2007,"kig"
"1536","BCL040",6,2007,"kig"
"1537","BCL043",6,2007,"kig"
"1538","BCL044",5,2007,"kig"
"1539","BCL045",4,2007,"kig"
"1540","BCL047",6,2007,"kig"
"1541","BCL048",5,2007,"kig"
"1542","BCL049",5,2007,"kig"
"1543","BCL051",5,2007,"kig"
"1544","BCL052",5,2007,"kig"
"1545","BCL055",5,2007,"kig"
"1546","BCL056",5,2007,"kig"
"1547","BCL057",6,2007,"kig"
"1548","BCL060",5,2007,"kig"
"1549","BCL061",6,2007,"kig"
"1550","BCL063",5,2007,"kig"
"1551","BCL067",5,2007,"kig"
"1552","BCL068",5,2007,"kig"
"1553","BCL071",6,2007,"kig"
"1554","BCL072",5,2007,"kig"
"1555","BCL073",4,2007,"kig"
"1556","BCL074",5,2007,"kig"
"1557","BCL075",5,2007,"kig"
"1558","BCL076",4,2007,"kig"
"1559","BCL077",5,2007,"kig"
"1560","BCL078",6,2007,"kig"
"1561","BCL079",4,2007,"kig"
"1562","BCL080",6,2007,"kig"
"1563","BCL081",4,2007,"kig"
"1564","BCL082",6,2007,"kig"
"1565","BCL083",5,2007,"kig"
"1566","BCL084",4,2007,"kig"
"1567","BCL086",5,2007,"kig"
"1568","BCL087",5,2007,"kig"
"1569","BCL088",2,2007,"kig"
"1570","BCL089",6,2007,"kig"
"1571","JBW020",6,2007,"kig"
"1572","JBW022",5,2007,"kig"
"1573","JBW028",4,2007,"kig"
"1574","JBW029",5,2007,"kig"
"1575","JBW037",7,2007,"kig"
"1576","JBW039",4,2007,"kig"
"1577","JBW044",7,2007,"kig"
"1578","JBW046",5,2007,"kig"
"1579","JBW048",5,2007,"kig"
"1580","JBW049",6,2007,"kig"
"1581","JBW050",6,2007,"kig"
"1582","JBW051",5,2007,"kig"
"1583","JBW053",5,2007,"kig"
"1584","JBW054",6,2007,"kig"
"1585","JBW055",5,2007,"kig"
"1586","JBW056",5,2007,"kig"
"1587","JBW057",6,2007,"kig"
"1588","JBW058",6,2007,"kig"
"1589","JBW061",6,2007,"kig"
"1590","JBW062",5,2007,"kig"
"1591","JBW063",5,2007,"kig"
"1592","JBW064",3,2007,"kig"
"1593","JBW065",6,2007,"kig"
"1594","JBW066",5,2007,"kig"
"1595","JBW067",6,2007,"kig"
"1596","JBW069",6,2007,"kig"
"1597","JBW070",5,2007,"kig"
"1598","JBW073",4,2007,"kig"
"1599","JBW074",6,2007,"kig"
"1600","JBW075",5,2007,"kig"
"1601","JBW077",6,2007,"kig"
"1602","JBW080",6,2007,"kig"
"1603","JBW081",5,2007,"kig"
"1604","JBW082",6,2007,"kig"
"1605","JBW083",6,2007,"kig"
"1606","JBW084",6,2007,"kig"
"1607","JBW085",5,2007,"kig"
"1608","JBW087",6,2007,"kig"
"1609","JBW089",5,2007,"kig"
"1610","JBW093",5,2007,"kig"
"1611","JBW097",4,2007,"kig"
"1612","JBW098",4,2007,"kig"
"1613","JBW100",5,2007,"kig"
"1614","JBW101",4,2007,"kig"
"1615","JJW007",5,2007,"kig"
"1616","JJW008",6,2007,"kig"
"1617","JJW016",5,2007,"kig"
"1618","JJW021",3,2007,"kig"
"1619","JJW025",6,2007,"kig"
"1620","JJW026",6,2007,"kig"
"1621","JJW029",7,2007,"kig"
"1622","JJW030",7,2007,"kig"
"1623","JJW032",5,2007,"kig"
"1624","JJW037",6,2007,"kig"
"1625","JJW041",5,2007,"kig"
"1626","JJW045",5,2007,"kig"
"1627","JJW046",5,2007,"kig"
"1628","JJW048",7,2007,"kig"
"1629","JJW049",7,2007,"kig"
"1630","JJW050",6,2007,"kig"
"1631","JJW051",3,2007,"kig"
"1632","JJW052",7,2007,"kig"
"1633","JJW053",6,2007,"kig"
"1634","JJW054",5,2007,"kig"
"1635","JJW055",5,2007,"kig"
"1636","JJW056",5,2007,"kig"
"1637","JJW057",4,2007,"kig"
"1638","JJW058",3,2007,"kig"
"1639","JJW059",6,2007,"kig"
"1640","JJW060",4,2007,"kig"
"1641","JJW063",5,2007,"kig"
"1642","MLS018",2,2007,"kig"
"1643","MLS031",5,2007,"kig"
"1644","MLS035",6,2007,"kig"
"1645","MLS040",6,2007,"kig"
"1646","MLS041",5,2007,"kig"
"1647","MLS045",5,2007,"kig"
"1648","MLS046",6,2007,"kig"
"1649","MLS047",5,2007,"kig"
"1650","MLS048",5,2007,"kig"
"1651","MLS052",5,2007,"kig"
"1652","MLS053",6,2007,"kig"
"1653","MLS057",6,2007,"kig"
"1654","MLS059",6,2007,"kig"
"1655","MLS060",5,2007,"kig"
"1656","MLS062",6,2007,"kig"
"1657","MLS065",4,2007,"kig"
"1658","MLS066",5,2007,"kig"
"1659","MLS067",5,2007,"kig"
"1660","MLS069",6,2007,"kig"
"1661","MLS073",5,2007,"kig"
"1662","PLF046",5,2007,"kig"
"1663","PLF075",5,2007,"kig"
"1664","PLF077",5,2007,"kig"
"1665","TJH014",4,2007,"kig"
"1666","TJH015",5,2007,"kig"
"1667","TJH019",5,2007,"kig"
"1668","TJH023",5,2007,"kig"
"1669","TJH024",6,2007,"kig"
"1670","TJH025",5,2007,"kig"
"1671","TJH026",4,2007,"kig"
"1672","TJH028",4,2007,"kig"
"1673","TJH030",7,2007,"kig"
"1674","TJH033",5,2007,"kig"
"1675","TJH034",5,2007,"kig"
"1676","TJH039",5,2007,"kig"
"1677","TJH043",6,2007,"kig"
"1678","TJH044",7,2007,"kig"
"1679","TJH045",6,2007,"kig"
"1680","TJH046",5,2007,"kig"
"1681","TJH052",6,2007,"kig"
"1682","TJH056",5,2007,"kig"
"1683","TJH057",6,2007,"kig"
"1684","TJH059",6,2007,"kig"
"1685","TJH061",5,2007,"kig"
"1686","TJH062",5,2007,"kig"
"1687","TJH063",6,2007,"kig"
"1688","TJH064",6,2007,"kig"
"1689","TJH065",4,2007,"kig"
"1690","TJH066",5,2007,"kig"
"1691","TJH067",5,2007,"kig"
"1692","TJH068",5,2007,"kig"
"1693","TJH069",5,2007,"kig"
"1694","TJH071",5,2007,"kig"
"1695","TJH073",6,2007,"kig"
"1696","TJH074",5,2007,"kig"
"1697","TJH075",5,2007,"kig"
"1698","TJH076",6,2007,"kig"
"1699","TJH077",6,2007,"kig"
"1700","TJH078",4,2007,"kig"
"1701","TJH082",5,2007,"kig"
"1702","TJH083",3,2007,"kig"
"1703","TJH084",5,2007,"kig"
"1704","TJH085",5,2007,"kig"
"1705","BCL010",5,2008,"kig"
"1706","BCL011",5,2008,"kig"
"1707","BCL013",5,2008,"kig"
"1708","BCL014",6,2008,"kig"
"1709","BCL015",6,2008,"kig"
"1710","BCL016",4,2008,"kig"
"1711","BCL017",5,2008,"kig"
"1712","BCL020",5,2008,"kig"
"1713","BCL022",5,2008,"kig"
"1714","BCL023",5,2008,"kig"
"1715","BCL024",6,2008,"kig"
"1716","BCL025",6,2008,"kig"
"1717","BCL028",5,2008,"kig"
"1718","BCL029",4,2008,"kig"
"1719","BCL030",6,2008,"kig"
"1720","BCL031",5,2008,"kig"
"1721","BCL032",5,2008,"kig"
"1722","BCL033",5,2008,"kig"
"1723","BCL034",5,2008,"kig"
"1724","BCL035",6,2008,"kig"
"1725","BCL038",2,2008,"kig"
"1726","BCL042",6,2008,"kig"
"1727","BCL044",6,2008,"kig"
"1728","BCL046",7,2008,"kig"
"1729","BCL048",5,2008,"kig"
"1730","BCL049",4,2008,"kig"
"1731","BCL050",4,2008,"kig"
"1732","BCL051",5,2008,"kig"
"1733","BCL052",5,2008,"kig"
"1734","BCL053",5,2008,"kig"
"1735","BCL054",5,2008,"kig"
"1736","BCL055",5,2008,"kig"
"1737","BCL056",5,2008,"kig"
"1738","BCL057",5,2008,"kig"
"1739","BCL058",4,2008,"kig"
"1740","BCL061",5,2008,"kig"
"1741","BCL063",6,2008,"kig"
"1742","BCL064",5,2008,"kig"
"1743","BCL065",5,2008,"kig"
"1744","BCL066",5,2008,"kig"
"1745","BCL067",6,2008,"kig"
"1746","BCL068",6,2008,"kig"
"1747","BCL069",4,2008,"kig"
"1748","BCL070",6,2008,"kig"
"1749","BCL071",3,2008,"kig"
"1750","BCL072",5,2008,"kig"
"1751","BCL073",3,2008,"kig"
"1752","BCL074",5,2008,"kig"
"1753","BCL075",4,2008,"kig"
"1754","JKL011",4,2008,"kig"
"1755","JKL015",5,2008,"kig"
"1756","JKL018",6,2008,"kig"
"1757","JKL020",5,2008,"kig"
"1758","JKL024",6,2008,"kig"
"1759","JKL025",6,2008,"kig"
"1760","JKL027",6,2008,"kig"
"1761","JKL029",6,2008,"kig"
"1762","JKL033",5,2008,"kig"
"1763","JKL034",5,2008,"kig"
"1764","JKL035",4,2008,"kig"
"1765","JKL036",10,2008,"kig"
"1766","JKL040",5,2008,"kig"
"1767","JKL041",5,2008,"kig"
"1768","JKL042",6,2008,"kig"
"1769","JKL043",7,2008,"kig"
"1770","JKL044",6,2008,"kig"
"1771","JKL046",5,2008,"kig"
"1772","JKL047",5,2008,"kig"
"1773","JKL049",6,2008,"kig"
"1774","JKL050",5,2008,"kig"
"1775","JKL051",5,2008,"kig"
"1776","JKL052",5,2008,"kig"
"1777","JKL053",6,2008,"kig"
"1778","JKL054",5,2008,"kig"
"1779","JKL055",5,2008,"kig"
"1780","JKL056",6,2008,"kig"
"1781","JKL057",4,2008,"kig"
"1782","JKL058",4,2008,"kig"
"1783","JKL059",5,2008,"kig"
"1784","JKL060",6,2008,"kig"
"1785","JKL061",2,2008,"kig"
"1786","JKL062",5,2008,"kig"
"1787","JKL063",2,2008,"kig"
"1788","JKL064",5,2008,"kig"
"1789","JKL065",6,2008,"kig"
"1790","JKL066",5,2008,"kig"
"1791","JKL067",4,2008,"kig"
"1792","PLF004",5,2008,"kig"
"1793","PLF010",2,2008,"kig"
"1794","PLF024",5,2008,"kig"
"1795","PLF101",6,2008,"kig"
"1796","PLF102",5,2008,"kig"
"1797","SMO012",6,2008,"kig"
"1798","SMO018",5,2008,"kig"
"1799","SMO020",6,2008,"kig"
"1800","SMO023",6,2008,"kig"
"1801","SMO026",6,2008,"kig"
"1802","SMO028",5,2008,"kig"
"1803","SMO029",5,2008,"kig"
"1804","SMO031",5,2008,"kig"
"1805","SMO032",6,2008,"kig"
"1806","SMO034",5,2008,"kig"
"1807","SMO036",5,2008,"kig"
"1808","SMO038",6,2008,"kig"
"1809","SMO040",3,2008,"kig"
"1810","SMO041",6,2008,"kig"
"1811","SMO042",4,2008,"kig"
"1812","SMO043",6,2008,"kig"
"1813","SMO044",6,2008,"kig"
"1814","SMO048",6,2008,"kig"
"1815","SMO049",6,2008,"kig"
"1816","SMO050",5,2008,"kig"
"1817","SMO051",6,2008,"kig"
"1818","SMO052",5,2008,"kig"
"1819","SMO053",6,2008,"kig"
"1820","SMO055",5,2008,"kig"
"1821","SMO056",6,2008,"kig"
"1822","SMO059",5,2008,"kig"
"1823","SMO060",5,2008,"kig"
"1824","SMO063",3,2008,"kig"
"1825","SMO064",5,2008,"kig"
"1826","SMO065",6,2008,"kig"
"1827","SMO067",4,2008,"kig"
"1828","SMO068",6,2008,"kig"
"1829","SMO069",6,2008,"kig"
"1830","SMO070",5,2008,"kig"
"1831","SMO071",5,2008,"kig"
"1832","SMO072",4,2008,"kig"
"1833","SMO073",3,2008,"kig"
"1834","SMO074",3,2008,"kig"
"1835","SMO075",4,2008,"kig"
"1836","SMO077",4,2008,"kig"
"1837","J00003",3,2009,"kig"
"1838","J00038",2,2009,"kig"
"1839","J00047",4,2009,"kig"
"1840","J00051",2,2009,"kig"
"1841","J00054",3,2009,"kig"
"1842","J00072",2,2009,"kig"
"1843","J00080",2,2009,"kig"
"1844","J00099",2,2009,"kig"
"1845","J00101",3,2009,"kig"
"1846","J00102",3,2009,"kig"
"1847","J00106",3,2009,"kig"
"1848","J00109",2,2009,"kig"
"1849","J00110",2,2009,"kig"
"1850","J00113",3,2009,"kig"
"1851","J00114",4,2009,"kig"
"1852","J00117",2,2009,"kig"
"1853","J00118",3,2009,"kig"
"1854","J00120",3,2009,"kig"
"1855","J00121",3,2009,"kig"
"1856","J00122",3,2009,"kig"
"1857","M00005",3,2009,"kig"
"1858","M00020",4,2009,"kig"
"1859","M00024",4,2009,"kig"
"1860","M00025",4,2009,"kig"
"1861","M00028",4,2009,"kig"
"1862","M00031",3,2009,"kig"
"1863","M00039",3,2009,"kig"
"1864","M00041",3,2009,"kig"
"1865","M00042",2,2009,"kig"
"1866","M00043",4,2009,"kig"
"1867","M00050",3,2009,"kig"
"1868","M00053",3,2009,"kig"
"1869","N00024",4,2009,"kig"
"1870","N00036",3,2009,"kig"
"1871","N00042",5,2009,"kig"
"1872","N00055",4,2009,"kig"
"1873","N00069",4,2009,"kig"
"1874","N00077",5,2009,"kig"
"1875","N00079",4,2009,"kig"
"1876","N00082",4,2009,"kig"
"1877","N00091",2,2009,"kig"
"1878","N00092",4,2009,"kig"
"1879","N00093",3,2009,"kig"
"1880","N00094",3,2009,"kig"
"1881","N00095",3,2009,"kig"
"1882","N00096",3,2009,"kig"
"1883","N00101",3,2009,"kig"
"1884","N00102",3,2009,"kig"
"1885","N00103",3,2009,"kig"
"1886","N00104",3,2009,"kig"
"1887","N00106",4,2009,"kig"
"1888","N00108",3,2009,"kig"
"1889","R00054",3,2009,"kig"
"1890","R00055",4,2009,"kig"
"1891","R00057",2,2009,"kig"
"1892","R00058",2,2009,"kig"
"1893","R00063",3,2009,"kig"
"1894","R00070",3,2009,"kig"
"1895","R00078",4,2009,"kig"
"1896","R00083",3,2009,"kig"
"1897","R00085",4,2009,"kig"
"1898","R00102",4,2009,"kig"
"1899","R00103",4,2009,"kig"
"1900","R00111",4,2009,"kig"
"1901","R00115",2,2009,"kig"
"1902","R00125",3,2009,"kig"
"1903","R00127",2,2009,"kig"
"1904","R00129",3,2009,"kig"
"1905","R00130",3,2009,"kig"
"1906","R00131",2,2009,"kig"
"1907","R00134",3,2009,"kig"
"1908","R00135",3,2009,"kig"
"1909","R00136",2,2009,"kig"
"1910","R00137",3,2009,"kig"
"1911","S00001",1,2009,"kig"
"1912","S00007",2,2009,"kig"
"1913","S00008",2,2009,"kig"
"1914","S00009",4,2009,"kig"
"1915","S00010",3,2009,"kig"
"1916","S00011",3,2009,"kig"
"1917","S00012",3,2009,"kig"
"1918","S00014",3,2009,"kig"
"1919","S00015",3,2009,"kig"
"1920","S00016",3,2009,"kig"
"1921","S00017",2,2009,"kig"
"1922","T00047",3,2009,"kig"
"1923","T00049",2,2009,"kig"
"1924","T00053",4,2009,"kig"
"1925","T00066",2,2009,"kig"
"1926","T00072",4,2009,"kig"
"1927","T00085",2,2009,"kig"
"1928","T00088",3,2009,"kig"
"1929","T00089",3,2009,"kig"
"1930","T00091",3,2009,"kig"
"1931","T00092",2,2009,"kig"
"1932","T00093",2,2009,"kig"
"1933","T00094",2,2009,"kig"
"1934","T00095",2,2009,"kig"
"1935","T00096",1,2009,"kig"
"1936","A00028",3,2010,"kig"
"1937","A00035",5,2010,"kig"
"1938","A00044",5,2010,"kig"
"1939","A00048",5,2010,"kig"
"1940","A00050",3,2010,"kig"
"1941","A00052",4,2010,"kig"
"1942","A00054",6,2010,"kig"
"1943","A00056",6,2010,"kig"
"1944","A00070",5,2010,"kig"
"1945","A00075",6,2010,"kig"
"1946","A00076",4,2010,"kig"
"1947","A00081",5,2010,"kig"
"1948","A00082",5,2010,"kig"
"1949","A00083",6,2010,"kig"
"1950","A00088",4,2010,"kig"
"1951","A00105",5,2010,"kig"
"1952","A00109",4,2010,"kig"
"1953","A00111",6,2010,"kig"
"1954","H00002",4,2010,"kig"
"1955","H00003",4,2010,"kig"
"1956","M00040",6,2010,"kig"
"1957","M00041",5,2010,"kig"
"1958","M00060",5,2010,"kig"
"1959","M00065",5,2010,"kig"
"1960","M00067",6,2010,"kig"
"1961","M00072",4,2010,"kig"
"1962","M00074",3,2010,"kig"
"1963","M00080",5,2010,"kig"
"1964","M00082",5,2010,"kig"
"1965","M00083",9,2010,"kig"
"1966","M00086",6,2010,"kig"
"1967","M00090",7,2010,"kig"
"1968","M00093",5,2010,"kig"
"1969","M00095",4,2010,"kig"
"1970","MW0048",4,2010,"kig"
"1971","MW0074",3,2010,"kig"
"1972","MW0081",2,2010,"kig"
"1973","MW0082",6,2010,"kig"
"1974","MW0108",6,2010,"kig"
"1975","MW0109",4,2010,"kig"
"1976","MW0112",5,2010,"kig"
"1977","MW0116",3,2010,"kig"
"1978","MW0118",4,2010,"kig"
"1979","MW0120",4,2010,"kig"
"1980","MW0121",6,2010,"kig"
"1981","MW0123",6,2010,"kig"
"1982","MW0126",6,2010,"kig"
"1983","MW0127",4,2010,"kig"
"1984","MW0140",4,2010,"kig"
"1985","MW0144",5,2010,"kig"
"1986","MW0145",5,2010,"kig"
"1987","MW0146",5,2010,"kig"
"1988","MW0148",5,2010,"kig"
"1989","N00049",5,2010,"kig"
"1990","N00060",5,2010,"kig"
"1991","N00069",4,2010,"kig"
"1992","N00074",3,2010,"kig"
"1993","N00083",3,2010,"kig"
"1994","N00085",3,2010,"kig"
"1995","N00088",5,2010,"kig"
"1996","N00091",6,2010,"kig"
"1997","N00092",3,2010,"kig"
"1998","N00094",4,2010,"kig"
"1999","N00095",5,2010,"kig"
"2000","N00096",5,2010,"kig"
"2001","N00100",5,2010,"kig"
"2002","N00101",6,2010,"kig"
"2003","N00113",6,2010,"kig"
"2004","N00114",5,2010,"kig"
"2005","N00115",5,2010,"kig"
"2006","N00116",4,2010,"kig"
"2007","N00121",4,2010,"kig"
"2008","N00122",4,2010,"kig"
"2009","N00123",4,2010,"kig"
"2010","N00131",4,2010,"kig"
"2011","N00132",5,2010,"kig"
"2012","N00150",4,2010,"kig"
"2013","R00002",4,2010,"kig"
"2014","R00005",5,2010,"kig"
"2015","R00007",5,2010,"kig"
"2016","R00009",3,2010,"kig"
"2017","R00010",5,2010,"kig"
"2018","R00013",5,2010,"kig"
"2019","R00017",6,2010,"kig"
"2020","R00019",6,2010,"kig"
"2021","R00020",4,2010,"kig"
"2022","R00025",5,2010,"kig"
"2023","R00028",5,2010,"kig"
"2024","R00029",5,2010,"kig"
"2025","R00042",5,2010,"kig"
"2026","R00044",5,2010,"kig"
"2027","R00045",6,2010,"kig"
"2028","R00047",5,2010,"kig"
"2029","R00050",4,2010,"kig"
"2030","R00054",5,2010,"kig"
"2031","R00055",6,2010,"kig"
"2032","R00061",5,2010,"kig"
"2033","R00067",6,2010,"kig"
"2034","R00071",4,2010,"kig"
"2035","R00073",4,2010,"kig"
"2036","R00075",4,2010,"kig"
"2037","R00077",3,2010,"kig"
"2038","R00078",4,2010,"kig"
"2039","R00079",2,2010,"kig"
"2040","R00080",5,2010,"kig"
"2041","R00083",4,2010,"kig"
"2042","R00087",4,2010,"kig"
"2043","R00090",4,2010,"kig"
"2044","R00091",2,2010,"kig"
"2045","R00094",2,2010,"kig"
"2046","R00095",3,2010,"kig"
"2047","R00096",4,2010,"kig"
"2048","C00001",6,2011,"kig"
"2049","C00002",6,2011,"kig"
"2050","C00058",5,2011,"kig"
"2051","C00064",5,2011,"kig"
"2052","C00065",5,2011,"kig"
"2053","C00067",5,2011,"kig"
"2054","C00068",5,2011,"kig"
"2055","C00070",4,2011,"kig"
"2056","C00073",4,2011,"kig"
"2057","C00074",6,2011,"kig"
"2058","C00075",4,2011,"kig"
"2059","C00076",5,2011,"kig"
"2060","C00079",4,2011,"kig"
"2061","C00080",5,2011,"kig"
"2062","C00081",5,2011,"kig"
"2063","C00082",4,2011,"kig"
"2064","C00083",4,2011,"kig"
"2065","C00217",5,2011,"kig"
"2066","M00020",5,2011,"kig"
"2067","M00028",6,2011,"kig"
"2068","M00030",5,2011,"kig"
"2069","M00034",4,2011,"kig"
"2070","M00035",5,2011,"kig"
"2071","M00036",3,2011,"kig"
"2072","M00038",6,2011,"kig"
"2073","M00039",5,2011,"kig"
"2074","M00044",2,2011,"kig"
"2075","M00045",5,2011,"kig"
"2076","M00046",3,2011,"kig"
"2077","M00047",6,2011,"kig"
"2078","M00048",5,2011,"kig"
"2079","MG0029",3,2011,"kig"
"2080","MG0030",6,2011,"kig"
"2081","MG0031",6,2011,"kig"
"2082","MG0032",5,2011,"kig"
"2083","MG0058",4,2011,"kig"
"2084","MG0059",3,2011,"kig"
"2085","MG0063",4,2011,"kig"
"2086","MG0064",4,2011,"kig"
"2087","MG0065",6,2011,"kig"
"2088","MG0072",5,2011,"kig"
"2089","MG0073",6,2011,"kig"
"2090","MG0074",4,2011,"kig"
"2091","MG0078",5,2011,"kig"
"2092","MG0080",5,2011,"kig"
"2093","MG0081",7,2011,"kig"
"2094","MG0083",6,2011,"kig"
"2095","MG0084",5,2011,"kig"
"2096","MG0085",5,2011,"kig"
"2097","MG0086",6,2011,"kig"
"2098","MG0087",4,2011,"kig"
"2099","MG0088",6,2011,"kig"
"2100","MG0089",5,2011,"kig"
"2101","MG0090",4,2011,"kig"
"2102","MG0091",5,2011,"kig"
"2103","MG0092",5,2011,"kig"
"2104","MG0093",7,2011,"kig"
"2105","N00022",6,2011,"kig"
"2106","N00023",5,2011,"kig"
"2107","N00024",4,2011,"kig"
"2108","N00025",6,2011,"kig"
"2109","N00027",5,2011,"kig"
"2110","N00028",6,2011,"kig"
"2111","N00029",5,2011,"kig"
"2112","N00032",4,2011,"kig"
"2113","N00033",4,2011,"kig"
"2114","N00036",6,2011,"kig"
"2115","N00039",6,2011,"kig"
"2116","N00042",3,2011,"kig"
"2117","N00047",6,2011,"kig"
"2118","N00048",6,2011,"kig"
"2119","N00049",5,2011,"kig"
"2120","N00050",6,2011,"kig"
"2121","N00051",6,2011,"kig"
"2122","N00052",5,2011,"kig"
"2123","N00054",5,2011,"kig"
"2124","N00055",4,2011,"kig"
"2125","N00057",6,2011,"kig"
"2126","N00060",6,2011,"kig"
"2127","N00062",6,2011,"kig"
"2128","N00066",6,2011,"kig"
"2129","N00067",4,2011,"kig"
"2130","N00069",3,2011,"kig"
"2131","N00070",4,2011,"kig"
"2132","N00071",4,2011,"kig"
"2133","N00072",4,2011,"kig"
"2134","N00073",5,2011,"kig"
"2135","N00074",5,2011,"kig"
"2136","N00075",4,2011,"kig"
"2137","N00077",4,2011,"kig"
"2138","N00078",5,2011,"kig"
"2139","N00079",5,2011,"kig"
"2140","N00080",3,2011,"kig"
"2141","N00081",5,2011,"kig"
"2142","N00082",5,2011,"kig"
"2143","N00083",4,2011,"kig"
"2144","N00084",5,2011,"kig"
"2145","N00085",4,2011,"kig"
"2146","N00086",4,2011,"kig"
"2147","N00087",6,2011,"kig"
"2148","N00088",5,2011,"kig"
"2149","N00091",1,2011,"kig"
"2150","N00089",3,2011,"kig"
"2151","C00003",6,2012,"kig"
"2152","C00004",5,2012,"kig"
"2153","C00011",6,2012,"kig"
"2154","C00012",4,2012,"kig"
"2155","C00013",4,2012,"kig"
"2156","C00014",5,2012,"kig"
"2157","C00015",5,2012,"kig"
"2158","C00017",5,2012,"kig"
"2159","C00019",5,2012,"kig"
"2160","C00025",6,2012,"kig"
"2161","C00026",5,2012,"kig"
"2162","C00033",4,2012,"kig"
"2163","C00036",4,2012,"kig"
"2164","C00037",4,2012,"kig"
"2165","C00038",5,2012,"kig"
"2166","C00040",5,2012,"kig"
"2167","C00041",5,2012,"kig"
"2168","C00042",4,2012,"kig"
"2169","C00045",5,2012,"kig"
"2170","C00046",3,2012,"kig"
"2171","C00048",3,2012,"kig"
"2172","C00053",5,2012,"kig"
"2173","M00002",4,2012,"kig"
"2174","M00015",6,2012,"kig"
"2175","M00018",4,2012,"kig"
"2176","M00019",5,2012,"kig"
"2177","M00021",5,2012,"kig"
"2178","M00024",5,2012,"kig"
"2179","M00025",4,2012,"kig"
"2180","M00026",4,2012,"kig"
"2181","M00027",3,2012,"kig"
"2182","M00029",5,2012,"kig"
"2183","M00031",5,2012,"kig"
"2184","M00050",5,2012,"kig"
"2185","N00003",5,2012,"kig"
"2186","NG0007",4,2012,"kig"
"2187","N00007",7,2012,"kig"
"2188","N00014",5,2012,"kig"
"2189","N00015",4,2012,"kig"
"2190","N00016",4,2012,"kig"
"2191","N00017",4,2012,"kig"
"2192","N00018",5,2012,"kig"
"2193","N00020",6,2012,"kig"
"2194","N00023",6,2012,"kig"
"2195","N00024",6,2012,"kig"
"2196","N00025",4,2012,"kig"
"2197","N00026",5,2012,"kig"
"2198","N00030",3,2012,"kig"
"2199","N00031",6,2012,"kig"
"2200","N00033",5,2012,"kig"
"2201","N00034",4,2012,"kig"
"2202","N00035",5,2012,"kig"
"2203","N00037",4,2012,"kig"
"2204","N00038",5,2012,"kig"
"2205","N00039",4,2012,"kig"
"2206","N00040",4,2012,"kig"
"2207","N00043",5,2012,"kig"
"2208","N00044",4,2012,"kig"
"2209","N00045",5,2012,"kig"
"2210","N00046",4,2012,"kig"
"2211","N00047",4,2012,"kig"
"2212","N00048",5,2012,"kig"
"2213","N00049",5,2012,"kig"
"2214","N00050",3,2012,"kig"
"2215","N00051",4,2012,"kig"
"2216","N00052",5,2012,"kig"
"2217","N00053",5,2012,"kig"
"2218","N00054",4,2012,"kig"
"2219","N00055",4,2012,"kig"
"2220","N00056",4,2012,"kig"
"2221","N00057",5,2012,"kig"
"2222","N00058",4,2012,"kig"
"2223","N00059",2,2012,"kig"
"2224","N00061",4,2012,"kig"
"2225","N00062",4,2012,"kig"
"2226","N00063",3,2012,"kig"
"2227","N00064",2,2012,"kig"
"2228","N00065",2,2012,"kig"
"2229","N00067",5,2012,"kig"
"2230","SBS004",4,2012,"kig"
"2231","SBS066",4,2012,"kig"
"2232","SBS007",5,2012,"kig"
"2233","SBS009",5,2012,"kig"
"2234","SBS010",5,2012,"kig"
"2235","SBS011",5,2012,"kig"
"2236","SBS015",4,2012,"kig"
"2237","SBS016",5,2012,"kig"
"2238","SBS018",5,2012,"kig"
"2239","SBS020",5,2012,"kig"
"2240","SBS021",5,2012,"kig"
"2241","SBS023",4,2012,"kig"
"2242","SBS025",4,2012,"kig"
"2243","SBS026",5,2012,"kig"
"2244","SBS029",6,2012,"kig"
"2245","SBS031",5,2012,"kig"
"2246","SBS032",5,2012,"kig"
"2247","SBS036",4,2012,"kig"
"2248","SBS037",5,2012,"kig"
"2249","SBS038",4,2012,"kig"
"2250","SBS039",5,2012,"kig"
"2251","SBS041",5,2012,"kig"
"2252","SBS042",3,2012,"kig"
"2253","SBS043",3,2012,"kig"
"2254","SBS044",4,2012,"kig"
"2255","SBS045",5,2012,"kig"
"2256","SBS048",5,2012,"kig"
"2257","SBS050",5,2012,"kig"
"2258","SBS052",5,2012,"kig"
"2259","SBS054",4,2012,"kig"
"2260","SBS056",3,2012,"kig"
"2261","SBS061",5,2012,"kig"
"2262","SBS062",5,2012,"kig"
"2263","SBS064",6,2012,"kig"
"2264","SBS065",5,2012,"kig"
"2265","SBS067",5,2012,"kig"
"2266","JR0001",5,2013,"kig"
"2267","JR0003",6,2013,"kig"
"2268","JR0004",4,2013,"kig"
"2269","JR0007",2,2013,"kig"
"2270","JR0008",6,2013,"kig"
"2271","JR0009",6,2013,"kig"
"2272","JR0011",5,2013,"kig"
"2273","JR0012",5,2013,"kig"
"2274","JR0015",5,2013,"kig"
"2275","JR0023",5,2013,"kig"
"2276","JR0030",6,2013,"kig"
"2277","JR0031",2,2013,"kig"
"2278","JR0036",4,2013,"kig"
"2279","JR0037",5,2013,"kig"
"2280","KP0001",5,2013,"kig"
"2281","KP0003",6,2013,"kig"
"2282","KP0004",3,2013,"kig"
"2283","KP0005",5,2013,"kig"
"2284","KP0007",5,2013,"kig"
"2285","KP0010",5,2013,"kig"
"2286","KP0011",5,2013,"kig"
"2287","KP0014",6,2013,"kig"
"2288","KP0016",4,2013,"kig"
"2289","KP0019",5,2013,"kig"
"2290","KP0021",5,2013,"kig"
"2291","KP0024",4,2013,"kig"
"2292","KP0029",3,2013,"kig"
"2293","KP0030",7,2013,"kig"
"2294","KP0031",5,2013,"kig"
"2295","KP0034",4,2013,"kig"
"2296","KP0035",3,2013,"kig"
"2297","KP0037",5,2013,"kig"
"2298","KP0038",5,2013,"kig"
"2299","KP0039",6,2013,"kig"
"2300","MG0001",6,2013,"kig"
"2301","MG0005",3,2013,"kig"
"2302","MG0006",4,2013,"kig"
"2303","MG0007",6,2013,"kig"
"2304","MG0008",6,2013,"kig"
"2305","MG0009",5,2013,"kig"
"2306","MG0010",4,2013,"kig"
"2307","MG0011",6,2013,"kig"
"2308","MG0015",5,2013,"kig"
"2309","MG0016",5,2013,"kig"
"2310","MG0017",6,2013,"kig"
"2311","MG0019",5,2013,"kig"
"2312","MG0020",4,2013,"kig"
"2313","MG0021",4,2013,"kig"
"2314","MG0022",5,2013,"kig"
"2315","MG0023",3,2013,"kig"
"2316","MG0024",6,2013,"kig"
"2317","MG0027",5,2013,"kig"
"2318","MG0028",5,2013,"kig"
"2319","MG0029",4,2013,"kig"
"2320","MG0030",5,2013,"kig"
"2321","MG0031",5,2013,"kig"
"2322","MG0033",5,2013,"kig"
"2323","MG0034",6,2013,"kig"
"2324","MG0036",6,2013,"kig"
"2325","MG0038",4,2013,"kig"
"2326","MG0039",5,2013,"kig"
"2327","MG0041",3,2013,"kig"
"2328","MG0042",5,2013,"kig"
"2329","MG0043",4,2013,"kig"
"2330","MG0044",5,2013,"kig"
"2331","MG0046",5,2013,"kig"
"2332","TH0002",2,2013,"kig"
"2333","TH0010",6,2013,"kig"
"2334","TH0012",6,2013,"kig"
"2335","TH0015",5,2013,"kig"
"2336","TH0017",4,2013,"kig"
"2337","TH0018",5,2013,"kig"
"2338","TH0019",5,2013,"kig"
"2339","TH0020",5,2013,"kig"
"2340","TH0021",6,2013,"kig"
"2341","TH0022",6,2013,"kig"
"2342","TH0023",5,2013,"kig"
"2343","TH0025",6,2013,"kig"
"2344","TH0026",5,2013,"kig"
"2345","TH0027",2,2013,"kig"
"2346","TH0029",3,2013,"kig"
"2347","TH0030",5,2013,"kig"
"2348","TH0031",4,2013,"kig"
"2349","TH0033",5,2013,"kig"
"2350","TH0034",4,2013,"kig"
"2351","TH0036",5,2013,"kig"
"2352","TH0040",6,2013,"kig"
"2353","TH0041",5,2013,"kig"
"2354","TH0042",5,2013,"kig"
"2355","TH0044",4,2013,"kig"
"2356","TH0045",4,2013,"kig"
"2357","BG002",4,2014,"kig"
"2358","CM002",3,2014,"kig"
"2359","CM003",6,2014,"kig"
"2360","CM005",2,2014,"kig"
"2361","CM006",5,2014,"kig"
"2362","CM007",6,2014,"kig"
"2363","CM009",5,2014,"kig"
"2364","CM010B",4,2014,"kig"
"2365","CM012",5,2014,"kig"
"2366","CM013",4,2014,"kig"
"2367","CM015",4,2014,"kig"
"2368","CM016",6,2014,"kig"
"2369","CM018",1,2014,"kig"
"2370","CM023",3,2014,"kig"
"2371","CM025",6,2014,"kig"
"2372","CM027",3,2014,"kig"
"2373","CM029",4,2014,"kig"
"2374","CM034",4,2014,"kig"
"2375","EW001",5,2014,"kig"
"2376","EW002",4,2014,"kig"
"2377","EW003",2,2014,"kig"
"2378","EW005",4,2014,"kig"
"2379","EW006",1,2014,"kig"
"2380","EW007",5,2014,"kig"
"2381","EW011",4,2014,"kig"
"2382","EW016",7,2014,"kig"
"2383","EW020",2,2014,"kig"
"2384","EW021",5,2014,"kig"
"2385","EW022",5,2014,"kig"
"2386","EW023",6,2014,"kig"
"2387","EW025",5,2014,"kig"
"2388","EW026",4,2014,"kig"
"2389","EW028",5,2014,"kig"
"2390","EW031",5,2014,"kig"
"2391","JB003",4,2014,"kig"
"2392","JB004",5,2014,"kig"
"2393","JB007",5,2014,"kig"
"2394","JB010",4,2014,"kig"
"2395","JB014",6,2014,"kig"
"2396","JB016",4,2014,"kig"
"2397","JB017",7,2014,"kig"
"2398","JB019",5,2014,"kig"
"2399","JB021",5,2014,"kig"
"2400","JB022",6,2014,"kig"
"2401","JB024",4,2014,"kig"
"2402","JB026",6,2014,"kig"
"2403","JB027",6,2014,"kig"
"2404","JB028",4,2014,"kig"
"2405","JB029",6,2014,"kig"
"2406","JB030",5,2014,"kig"
"2407","JB031",6,2014,"kig"
"2408","LB001",6,2014,"kig"
"2409","LB007",5,2014,"kig"
"2410","LB008",5,2014,"kig"
"2411","LB009",6,2014,"kig"
"2412","LB011",5,2014,"kig"
"2413","LB013",6,2014,"kig"
"2414","LB014",4,2014,"kig"
"2415","LB015",6,2014,"kig"
"2416","LB016",5,2014,"kig"
"2417","LB017",5,2014,"kig"
"2418","LB020",5,2014,"kig"
"2419","LB026",5,2014,"kig"
"2420","LB037",4,2014,"kig"
"2421","LB039",4,2014,"kig"
"2422","LB040",3,2014,"kig"
"2423","NG001",3,2014,"kig"
"2424","NG003",5,2014,"kig"
"2425","NG004",5,2014,"kig"
"2426","NG006",4,2014,"kig"
"2427","NG009",3,2014,"kig"
"2428","NG011",6,2014,"kig"
"2429","NG018",5,2014,"kig"
"2430","NG019",5,2014,"kig"
"2431","NG020",6,2014,"kig"
"2432","NG021",5,2014,"kig"
"2433","NG022",5,2014,"kig"
"2434","NG023",4,2014,"kig"
"2435","NG024",6,2014,"kig"
"2436","NG027",4,2014,"kig"
"2437","NG028",3,2014,"kig"
"2438","NG029",5,2014,"kig"
"2439","NG030",6,2014,"kig"
"2440","NG031",4,2014,"kig"
"2441","NG032",6,2014,"kig"
"2442","NG033",5,2014,"kig"
"2443","NG034",3,2014,"kig"
"2444","NG036",6,2014,"kig"
"2445","NG037",6,2014,"kig"
"2446","NG038",6,2014,"kig"
"2447","NG039",3,2014,"kig"
"2448","NG040",3,2014,"kig"
"2449","NG042",5,2014,"kig"
"2450","NG043",5,2014,"kig"
"2451","NG044",5,2014,"kig"
"2452","C08",6,2015,"kig"
"2453","C09",3,2015,"kig"
"2454","C10",6,2015,"kig"
"2455","C11",4,2015,"kig"
"2456","C12",6,2015,"kig"
"2457","C14",5,2015,"kig"
"2458","C16",4,2015,"kig"
"2459","C18",5,2015,"kig"
"2460","C20",3,2015,"kig"
"2461","C22",4,2015,"kig"
"2462","C23",2,2015,"kig"
"2463","C24",3,2015,"kig"
"2464","C25",5,2015,"kig"
"2465","C27",3,2015,"kig"
"2466","C28",6,2015,"kig"
"2467","C29",3,2015,"kig"
"2468","C30",4,2015,"kig"
"2469","C32",5,2015,"kig"
"2470","C33",3,2015,"kig"
"2471","C35",3,2015,"kig"
"2472","C38",2,2015,"kig"
"2473","I01",5,2015,"kig"
"2474","I02",5,2015,"kig"
"2475","I03",5,2015,"kig"
"2476","I04",5,2015,"kig"
"2477","I09",5,2015,"kig"
"2478","I10",6,2015,"kig"
"2479","I11",5,2015,"kig"
"2480","I12",5,2015,"kig"
"2481","I13",6,2015,"kig"
"2482","I19",4,2015,"kig"
"2483","I21",4,2015,"kig"
"2484","I26",4,2015,"kig"
"2485","I27",4,2015,"kig"
"2486","I28",1,2015,"kig"
"2487","I29",6,2015,"kig"
"2488","I33",4,2015,"kig"
"2489","I34",4,2015,"kig"
"2490","I35",2,2015,"kig"
"2491","I36",6,2015,"kig"
"2492","I37",5,2015,"kig"
"2493","K01",2,2015,"kig"
"2494","M02",6,2015,"kig"
"2495","M05",3,2015,"kig"
"2496","M08",5,2015,"kig"
"2497","M12",3,2015,"kig"
"2498","M13",5,2015,"kig"
"2499","M14",4,2015,"kig"
"2500","M15",5,2015,"kig"
"2501","M16",4,2015,"kig"
"2502","M18",4,2015,"kig"
"2503","M20",6,2015,"kig"
"2504","M21",5,2015,"kig"
"2505","M23",5,2015,"kig"
"2506","M27",5,2015,"kig"
"2507","M29",3,2015,"kig"
"2508","M31",1,2015,"kig"
"2509","M32",1,2015,"kig"
"2510","M36",4,2015,"kig"
"2511","M38",5,2015,"kig"
"2512","M39",3,2015,"kig"
"2513","M40",2,2015,"kig"
"2514","AGB017",5,2019,"kig"
"2515","AGB019",6,2019,"kig"
"2516","AGB041",5,2019,"kig"
"2517","AGB047",5,2019,"kig"
"2518","AGB049",6,2019,"kig"
"2519","AGB050",5,2019,"kig"
"2520","AGB051",4,2019,"kig"
"2521","AGB054",3,2019,"kig"
"2522","AGB055",3,2019,"kig"
"2523","AGB056",5,2019,"kig"
"2524","AGB057",4,2019,"kig"
"2525","AGB058",4,2019,"kig"
"2526","AGB066",5,2019,"kig"
"2527","AGB069",4,2019,"kig"
"2528","AGB072",5,2019,"kig"
"2529","AGB074",4,2019,"kig"
"2530","AGB075",5,2019,"kig"
"2531","AGB076",6,2019,"kig"
"2532","AGB078",5,2019,"kig"
"2533","AGB079",3,2019,"kig"
"2534","AGB080",5,2019,"kig"
"2535","AGB087",3,2019,"kig"
"2536","AGB088",4,2019,"kig"
"2537","AGB092",3,2019,"kig"
"2538","AGB093",3,2019,"kig"
"2539","AGB095",5,2019,"kig"
"2540","BLD202",6,2019,"kig"
"2541","BLD215",5,2019,"kig"
"2542","BLD216",5,2019,"kig"
"2543","BLD218",6,2019,"kig"
"2544","BLD226",5,2019,"kig"
"2545","BLD228",6,2019,"kig"
"2546","BLD235",6,2019,"kig"
"2547","BLD254",4,2019,"kig"
"2548","BLD255",5,2019,"kig"
"2549","DJR001",4,2019,"kig"
"2550","DJR002",3,2019,"kig"
"2551","DJR003",4,2019,"kig"
"2552","DJR004",6,2019,"kig"
"2553","DJR005",5,2019,"kig"
"2554","DJR006",5,2019,"kig"
"2555","DJR007",4,2019,"kig"
"2556","DJR008",5,2019,"kig"
"2557","DJR009",5,2019,"kig"
"2558","DJR010",6,2019,"kig"
"2559","DJR011",4,2019,"kig"
"2560","DJR012",5,2019,"kig"
"2561","DJR013",5,2019,"kig"
"2562","DJR014",5,2019,"kig"
"2563","DJR016",5,2019,"kig"
"2564","DJR017",6,2019,"kig"
"2565","DJR018",6,2019,"kig"
"2566","DJR019",3,2019,"kig"
"2567","DJR020",5,2019,"kig"
"2568","DJR021",5,2019,"kig"
"2569","DJR022",6,2019,"kig"
"2570","DJR023",6,2019,"kig"
"2571","DJR024",4,2019,"kig"
"2572","DJR025",4,2019,"kig"
"2573","DJR026",5,2019,"kig"
"2574","DJR029",3,2019,"kig"
"2575","DJR030",5,2019,"kig"
"2576","JAM001",6,2019,"kig"
"2577","JAM002",4,2019,"kig"
"2578","JAM003",4,2019,"kig"
"2579","JAM006",5,2019,"kig"
"2580","JAM007",6,2019,"kig"
"2581","JAM008",4,2019,"kig"
"2582","JAM009",4,2019,"kig"
"2583","JAM010",5,2019,"kig"
"2584","JAM011",4,2019,"kig"
"2585","JAM012",4,2019,"kig"
"2586","JCA041",3,2019,"kig"
"2587","JCA044",6,2019,"kig"
"2588","JCA047",5,2019,"kig"
"2589","JCA053",5,2019,"kig"
"2590","JCA059",5,2019,"kig"
"2591","JCA061",5,2019,"kig"
"2592","JCA066",4,2019,"kig"
"2593","JMT219",6,2019,"kig"
"2594","JMT235",6,2019,"kig"
"2595","JMT236",6,2019,"kig"
"2596","JMT241",2,2019,"kig"
"2597","JMT242",5,2019,"kig"
"2598","JMT243",5,2019,"kig"
"2599","JMT244",5,2019,"kig"
"2600","JMT245",3,2019,"kig"
"2601","JMT246",4,2019,"kig"
"2602","JMT247",4,2019,"kig"
"2603","JMT248",1,2019,"kig"
"2604","JMT249",6,2019,"kig"
"2605","JMT250",4,2019,"kig"
"2606","JMT254",6,2019,"kig"
"2607","JMT255",6,2019,"kig"
"2608","JMT258",4,2019,"kig"
"2609","JMT260",5,2019,"kig"
"2610","MLB002",4,2019,"kig"
"2611","MLB003",5,2019,"kig"
"2612","MLB005",4,2019,"kig"
"2613","MLB006",6,2019,"kig"
"2614","MLB008",3,2019,"kig"
"2615","MLB009",5,2019,"kig"
"2616","MLB010",5,2019,"kig"
"2617","MLB011",4,2019,"kig"
"2618","MLB012",4,2019,"kig"
"2619","MLB013",5,2019,"kig"
"2620","MLB014",5,2019,"kig"
"2621","MLB015",5,2019,"kig"
"2622","MLB016",6,2019,"kig"
"2623","MLB017",5,2019,"kig"
"2624","MLB018",3,2019,"kig"
"2625","RJF204",5,2019,"kig"
"2626","RJF230",5,2019,"kig"
"2627","RJF234",5,2019,"kig"
"2628","RJF238",6,2019,"kig"
"2629","RJF249",6,2019,"kig"
"2630","RJF250",4,2019,"kig"
"2631","RJF251",5,2019,"kig"
"2632","RJF252",6,2019,"kig"
"2633","RJF253",3,2019,"kig"
"2634","RJF254",6,2019,"kig"
"2635","RJF255",6,2019,"kig"
"2636","RJF256",4,2019,"kig"
"2637","RJF257",4,2019,"kig"
"2638","RJF259",4,2019,"kig"
"2639","RJF262",6,2019,"kig"
"2640","RJF266",5,2019,"kig"
"2641","RJF270",3,2019,"kig"
"2642","RJF273",4,2019,"kig"
"2643","RJF277",4,2019,"kig"
"2644","TCD001",5,2019,"kig"
"2645","TCD002",5,2019,"kig"
"2646","TCD003",4,2019,"kig"
"2647","TCD004",4,2019,"kig"
"2648","TCD005",5,2019,"kig"
"2649","TCD006",6,2019,"kig"
"2650","TCD007",4,2019,"kig"
"2651","TCD008",4,2019,"kig"
"2652","TCD011",4,2019,"kig"
"2653","TCD012",3,2019,"kig"
"2654","TCD013",6,2019,"kig"
"2655","TCD014",6,2019,"kig"
"2656","TCD015",5,2019,"kig"
"2657","TCD016",3,2019,"kig"
"2658","TCD017",6,2019,"kig"
"2659","TCD018",3,2019,"kig"
"2660","TCD019",4,2019,"kig"
"2661","TCD020",3,2019,"kig"
"2662","TCD021",3,2019,"kig"
"2663","TCD022",5,2019,"kig"
"2664","TCD023",6,2019,"kig"
"2665","TCD027",4,2019,"kig"
"2666","TCD028",5,2019,"kig"
"2667","TCD029",3,2019,"kig"
"2668","TCD030",5,2019,"kig"
"2669","TCD031",4,2019,"kig"
"2670","TCD032",4,2019,"kig"
"2671","CLB108",3,2021,"kig"
"2672","CLB109",5,2021,"kig"
"2673","CLB114",6,2021,"kig"
"2674","CLB115",5,2021,"kig"
"2675","CLB116",5,2021,"kig"
"2676","CLB117",5,2021,"kig"
"2677","CLB118",5,2021,"kig"
"2678","CLB119",6,2021,"kig"
"2679","CLB120",6,2021,"kig"
"2680","CLB121",5,2021,"kig"
"2681","CLB122",5,2021,"kig"
"2682","CLB123",6,2021,"kig"
"2683","CLB124",6,2021,"kig"
"2684","CLB125",7,2021,"kig"
"2685","CLB126",4,2021,"kig"
"2686","CLB127",5,2021,"kig"
"2687","CLB128",6,2021,"kig"
"2688","CLB129",5,2021,"kig"
"2689","CLB130",4,2021,"kig"
"2690","CLB131",5,2021,"kig"
"2691","CLB132",3,2021,"kig"
"2692","CLB133",6,2021,"kig"
"2693","CLB134",4,2021,"kig"
"2694","JCA271",6,2021,"kig"
"2695","JCA288",4,2021,"kig"
"2696","JCA305",5,2021,"kig"
"2697","JCA310",6,2021,"kig"
"2698","JCA312",7,2021,"kig"
"2699","JCA315",3,2021,"kig"
"2700","JMT434",5,2021,"kig"
"2701","JMT493",1,2021,"kig"
"2702","JMT529",5,2021,"kig"
"2703","JMT572",5,2021,"kig"
"2704","JMT582",5,2021,"kig"
"2705","JMT600",6,2021,"kig"
"2706","JMT630",5,2021,"kig"
"2707","JMT637",5,2021,"kig"
"2708","JMT645",4,2021,"kig"
"2709","LRB127",5,2021,"kig"
"2710","LRB128",4,2021,"kig"
"2711","LRB130",5,2021,"kig"
"2712","LRB131",6,2021,"kig"
"2713","LRB132",5,2021,"kig"
"2714","LRB134",5,2021,"kig"
"2715","LRB136",6,2021,"kig"
"2716","LRB137",6,2021,"kig"
"2717","LRB138",5,2021,"kig"
"2718","LRB139",6,2021,"kig"
"2719","LRB140",5,2021,"kig"
"2720","LRB142",4,2021,"kig"
"2721","LRB143",2,2021,"kig"
"2722","LRB144",4,2021,"kig"
"2723","LRB145",5,2021,"kig"
"2724","LRB146",5,2021,"kig"
"2725","LRB147",3,2021,"kig"
"2726","LRB148",5,2021,"kig"
"2727","LRB149",5,2021,"kig"
"2728","LRB150",4,2021,"kig"
"2729","LRB151",5,2021,"kig"
"2730","PJL132",6,2021,"kig"
"2731","PJL148",3,2021,"kig"
"2732","PJL157",6,2021,"kig"
"2733","PJL162",6,2021,"kig"
"2734","PJL167",5,2021,"kig"
"2735","PJL169",6,2021,"kig"
"2736","RJF564",5,2021,"kig"
"2737","RJF571",6,2021,"kig"
"2738","RJF607",5,2021,"kig"
"2739","RJF609",6,2021,"kig"
"2740","RJF610",6,2021,"kig"
"2741","RJF618",5,2021,"kig"
"2742","RJF619",6,2021,"kig"
"2743","RJF621",4,2021,"kig"
"2744","RJF624",5,2021,"kig"
"2745","RJF625",6,2021,"kig"
"2746","RJF626",6,2021,"kig"
"2747","RJF627",5,2021,"kig"
"2748","RJF628",7,2021,"kig"
"2749","RJF629",4,2021,"kig"
"2750","RJF631",5,2021,"kig"
"2751","RJF632",5,2021,"kig"
"2752","RJF633",4,2021,"kig"
"2753","RJF634",5,2021,"kig"
"2754","RJF636",6,2021,"kig"
"2755","RJF637",5,2021,"kig"
"2756","RJF638",6,2021,"kig"
"2757","RJF639",5,2021,"kig"
"2758","RJF640",4,2021,"kig"
"2759","RJF641",5,2021,"kig"
"2760","RJF642",4,2021,"kig"
"2761","RJF643",5,2021,"kig"
"2762","RJF646",5,2021,"kig"
"2763","RJF647",4,2021,"kig"
"2764","RJF648",6,2021,"kig"
"2765","10-BJH003",5,2010,"utq"
"2766","10-BJH011",5,2010,"utq"
"2767","10-DES024",4,2010,"utq"
"2768","10-DES027",3,2010,"utq"
"2769","10-GAS002",4,2010,"utq"
"2770","10-KEO018",3,2010,"utq"
"2771","10-KEO020",4,2010,"utq"
"2772","10-KJB003",1,2010,"utq"
"2773","10-KJB012",3,2010,"utq"
"2774","10-KJB014",5,2010,"utq"
"2775","10-LLS003",1,2010,"utq"
"2776","10-LLS013",2,2010,"utq"
"2777","10-PLB001",5,2010,"utq"
"2778","10-SMN005",4,2010,"utq"
"2779","10-SMN006",5,2010,"utq"
"2780","11-AJS019",4,2011,"utq"
"2781","11-AJS022",4,2011,"utq"
"2782","11-AJS025",6,2011,"utq"
"2783","11-AJS031",6,2011,"utq"
"2784","11-CAA002",3,2011,"utq"
"2785","11-DES023",2,2011,"utq"
"2786","11-JMC013",4,2011,"utq"
"2787","11-JTN008",3,2011,"utq"
"2788","11-KER017",5,2011,"utq"
"2789","11-MCZ027",5,2011,"utq"
"2790","11-MJM012",6,2011,"utq"
"2791","11-NCS003",4,2011,"utq"
"2792","11-NRD013",4,2011,"utq"
"2793","11-NRD027",4,2011,"utq"
"2794","11-NRD030",5,2011,"utq"
"2795","11-SBF008",6,2011,"utq"
"2796","12-EKW012",6,2012,"utq"
"2797","12-JJN009",5,2012,"utq"
"2798","12-JJN016",5,2012,"utq"
"2799","12-KEO001",6,2012,"utq"
"2800","12-MCZ026",3,2012,"utq"
"2801","12-MCZ048",4,2012,"utq"
"2802","12-MLS014",6,2012,"utq"
"2803","12-MLS015",4,2012,"utq"
"2804","12-MLS025",5,2012,"utq"
"2805","12-MTW041",4,2012,"utq"
"2806","12-MTW044",5,2012,"utq"
"2807","12-MTW053",3,2012,"utq"
"2808","12-MTW055",6,2012,"utq"
"2809","12-RRG007",5,2012,"utq"
"2810","12-SAM010",6,2012,"utq"
"2811","12-VC009",3,2012,"utq"
"2812","13-ACL017",6,2013,"utq"
"2813","13-ACL019",4,2013,"utq"
"2814","13-ACL022",6,2013,"utq"
"2815","13-BES005",1,2013,"utq"
"2816","13-CRG028",5,2013,"utq"
"2817","13-DEG030",4,2013,"utq"
"2818","13-DES005",2,2013,"utq"
"2819","13-FOX004",4,2013,"utq"
"2820","13-KAD026",6,2013,"utq"
"2821","13-MWM023",5,2013,"utq"
"2822","13-MWM034",3,2013,"utq"
"2823","13-MWM035",5,2013,"utq"
"2824","13-SKM022",7,2013,"utq"
"2825","13-SKM030",3,2013,"utq"
"2826","13-SPT015",5,2013,"utq"
"2827","14-DPJ033",4,2014,"utq"
"2828","14-DPJ049",1,2014,"utq"
"2829","14-EEU029",6,2014,"utq"
"2830","14-EEU031",5,2014,"utq"
"2831","14-EEU035",5,2014,"utq"
"2832","14-EEU037",5,2014,"utq"
"2833","14-FOX002",6,2014,"utq"
"2834","14-LRK058",5,2014,"utq"
"2835","14-LRK059",2,2014,"utq"
"2836","14-MTW053",4,2014,"utq"
"2837","14-MTW093",4,2014,"utq"
"2838","14-MTW095",6,2014,"utq"
"2839","14-MTW096",6,2014,"utq"
"2840","14-MTW103",5,2014,"utq"
"2841","14-MWM015",4,2014,"utq"
"2842","14-MWM055",4,2014,"utq"
"2843","14-SMH015",6,2014,"utq"
"2844","15-ERY012",4,2015,"utq"
"2845","15-ERY015",4,2015,"utq"
"2846","15-ERY021",6,2015,"utq"
"2847","15-HCC013",5,2015,"utq"
"2848","15-MCM015",5,2015,"utq"
"2849","15-MCM045",5,2015,"utq"
"2850","15-NRG003",5,2015,"utq"
"2851","15-NRG019",4,2015,"utq"
"2852","15-NRG022",3,2015,"utq"
"2853","15-QMB003",5,2015,"utq"
"2854","15-SEY026",1,2015,"utq"
"2855","15-SEY027",5,2015,"utq"
"2856","15-SOT005",6,2015,"utq"
"2857","15-SOT010",5,2015,"utq"
"2858","16-ARB005",5,2016,"utq"
"2859","16-DCB025",2,2016,"utq"
"2860","16-DCB030",4,2016,"utq"
"2861","16-DCB034",5,2016,"utq"
"2862","16-DCB041",4,2016,"utq"
"2863","16-DLC007",3,2016,"utq"
"2864","16-FOX001",3,2016,"utq"
"2865","16-M_N006",4,2016,"utq"
"2866","16-MAP022",4,2016,"utq"
"2867","16-MAP026",3,2016,"utq"
"2868","16-MAP027",3,2016,"utq"
"2869","16-MAP028",4,2016,"utq"
"2870","16-SEY029",3,2016,"utq"
"2871","16-SEY036",4,2016,"utq"
"2872","16-SEY038",1,2016,"utq"
"2873","16-SEY045",5,2016,"utq"
"2874","16-SEY046",2,2016,"utq"
"2875","16-SEY047",5,2016,"utq"
"2876","16-SIA026",5,2016,"utq"
"2877","17-AES033",4,2017,"utq"
"2878","17-BAY013",5,2017,"utq"
"2879","17-BAY024",5,2017,"utq"
"2880","17-CRD044",5,2017,"utq"
"2881","17-JAH029",2,2017,"utq"
"2882","17-JGN001",5,2017,"utq"
"2883","17-MWM058",4,2017,"utq"
"2884","17-NJM050",3,2017,"utq"
"2885","17-NRG043",4,2017,"utq"
"2886","18-CRD033",5,2018,"utq"
"2887","18-CRD042",5,2018,"utq"
"2888","18-EFA007",2,2018,"utq"
"2889","18-KLL036",4,2018,"utq"
"2890","18-MWM037",8,2018,"utq"
"2891","18-MWM044",2,2018,"utq"
"2892","18-MWM047",4,2018,"utq"
"2893","18-MWM059",5,2018,"utq"
"2894","18-MWM067",5,2018,"utq"
"2895","18-MWM070",3,2018,"utq"
"2896","18-NRG039",5,2018,"utq"
"2897","18-SPP004",4,2018,"utq"
"2898","18-SPP038",5,2018,"utq"
"2899","18-SPP057",4,2018,"utq"
"2900","18-SPP066",2,2018,"utq"
"2901","19-CHT024",5,2019,"utq"
"2902","19-CHT036",5,2019,"utq"
"2903","19-CHT090",5,2019,"utq"
"2904","19-CHT092",5,2019,"utq"
"2905","19-CHT093",3,2019,"utq"
"2906","19-ERP033",5,2019,"utq"
"2907","19-ERP034",5,2019,"utq"
"2908","19-ERP035",6,2019,"utq"
"2909","19-ERP040",5,2019,"utq"
"2910","19-ERP044",6,2019,"utq"
"2911","19-JRL008",6,2019,"utq"
"2912","19-JRM006",5,2019,"utq"
"2913","19-JRM041",5,2019,"utq"
"2914","19-MWM026",5,2019,"utq"
"2915","19-MWM058",4,2019,"utq"
"2916","19-MWM086",4,2019,"utq"
"2917","19-MWM088",5,2019,"utq"
"2918","19-NDG009",5,2019,"utq"
"2919","19-NDG069",3,2019,"utq"
"2920","19-NOC017",4,2019,"utq"
"2921","19-NOC027",3,2019,"utq"
"2922","19-NOC058",6,2019,"utq"
"2923","19-NOC059",5,2019,"utq"
"2924","19-NRG046",5,2019,"utq"
"2925","19-NRG047",5,2019,"utq"
"2926","19-NRG060",5,2019,"utq"
"2927","19-NRG069",4,2019,"utq"
"2928","19-NRG071",4,2019,"utq"
"2929","19-NRG073",4,2019,"utq"
"2930","19-RIC042",3,2019,"utq"
"2931","19-SMS091",5,2019,"utq"
"2932","19-TSC035",4,2019,"utq"
"2933","19-TSC071",2,2019,"utq"
